{
  "url": "{{ faker.internet.url }}",
  "backGroundType": "MUSIC",
  "title": {
    "defaultContent": "Sleek Junction",
    "en": "parse niches",
    "hi": "Handcrafted Concrete Shirt user-centric",
    "te": "Industrial & Sports Brunei Dollar",
    "gu": "Visionary XSS",
    "ta": "Berkshire",
    "ka": "Baby & Computers Licensed Steel Mouse open-source",
    "mr": "invoice",
    "it": "driver",
    "ru": "system Markets",
    "es": "Arkansas",
    "fr": "Rustic Cotton Fish model",
    "pt": "transmit",
    "de": "Electronics",
    "bn": "Frozen violet",
    "ml": "SCSI",
    "uk": "Directives Platinum",
    "od": "Rustic Soft Keyboard",
    "enUs": "extensible virtual",
    "enAu": "e-services asynchronous protocol",
    "pa": "El Salvador Colon Fall"
  },
  "thumbnailImgUrl": "withdrawal"
}