{
  "meditationType": "MEDITATE_WITH_CIRCLE",
  "title": {
    "defaultContent": "Money Market Account Refined",
    "en": "orchid digital Product",
    "hi": "Canada Chief",
    "te": "bluetooth Metical Branding",
    "gu": "Missouri",
    "ta": "Representative",
    "ka": "Berkshire Generic Rubber Bike ROI",
    "mr": "parsing Customer facilitate",
    "it": "Communications",
    "ru": "deposit",
    "es": "Data Frozen Berkshire",
    "fr": "Turnpike",
    "pt": "Czech Koruna Sleek Fresh Salad bricks-and-clicks",
    "de": "Strategist",
    "bn": "microchip Movies, Jewelery & Garden magenta",
    "ml": "turquoise Singapore Dollar",
    "uk": "Refined Fresh Soap Sleek",
    "od": "connect",
    "enUs": "Handmade Plastic Shirt Intranet",
    "enAu": "Handmade Metal Mouse global",
    "pa": "pink PCI"
  },
  "subTitle": {
    "defaultContent": "Steel Practical",
    "en": "New Jersey card Agent",
    "hi": "bypass",
    "te": "Response turquoise",
    "gu": "asynchronous",
    "ta": "migration framework initiatives",
    "ka": "incentivize",
    "mr": "dot-com vortals",
    "it": "Centers Junctions CSS",
    "ru": "hacking olive",
    "es": "end-to-end",
    "fr": "Lake content",
    "pt": "navigating Technician",
    "de": "evolve online",
    "bn": "Cliffs",
    "ml": "Nigeria Orchestrator",
    "uk": "neural ability dynamic",
    "od": "networks",
    "enUs": "Steel integrate",
    "enAu": "Avon Rustic Steel Chair Tasty Granite Cheese",
    "pa": "Investment Account Jewelery, Toys & Toys"
  },
  "description": {
    "defaultContent": "Checking Account virtual",
    "en": "database",
    "hi": "intangible Madagascar",
    "te": "Personal Loan Account Dynamic",
    "gu": "invoice Specialist",
    "ta": "generating magenta",
    "ka": "24/7 empowering",
    "mr": "compressing interface overriding",
    "it": "Kyrgyz Republic Manors",
    "ru": "Berkshire",
    "es": "Ergonomic complexity Optional",
    "fr": "vertical optical",
    "pt": "Small Ergonomic Rubber Ball",
    "de": "adapter Solutions Gorgeous Metal Soap",
    "bn": "Massachusetts",
    "ml": "Right-sized",
    "uk": "Awesome Clothing, Grocery & Home Gorgeous",
    "od": "Senior bricks-and-clicks transmit",
    "enUs": "Tasty Fresh Car Industrial & Sports Incredible Concrete Salad",
    "enAu": "program Re-engineered Fresh",
    "pa": "quantifying Circle Mill"
  },
  "durationOfMeditationClip": 960,
  "tag": "Fantastic Metal Chicken",
  "rating": 867.783,
  "likes": 395,
  "audioUrl": {
    "defaultContent": "Riel",
    "en": "out-of-the-box",
    "hi": "application Wooden",
    "te": "quantify cross-platform",
    "gu": "focus group empower",
    "ta": "Developer Rubber e-commerce",
    "ka": "Sleek Frozen Shirt",
    "mr": "Zambian Kwacha",
    "it": "Open-architected Investor",
    "ru": "circuit",
    "es": "Tasty Rubber Ball Locks Colombia",
    "fr": "Boliviano boliviano",
    "pt": "Eritrea matrix Customer-focused",
    "de": "visualize Dynamic",
    "bn": "deposit silver",
    "ml": "Practical Wooden Pants Metrics Toys",
    "uk": "Persistent",
    "od": "Station user-centric",
    "enUs": "Garden & Baby seize",
    "enAu": "Trail payment Licensed Steel Car",
    "pa": "Cote d'Ivoire"
  },
  "imageUrl": {
    "defaultContent": "parse",
    "en": "metrics sensor",
    "hi": "Distributed",
    "te": "Producer",
    "gu": "withdrawal Chief Handcrafted Concrete Computer",
    "ta": "AGP viral Buckinghamshire",
    "ka": "Licensed Reverse-engineered",
    "mr": "invoice",
    "it": "Tasty Plastic Shoes deposit compressing",
    "ru": "Movies Valley",
    "es": "Avon",
    "fr": "Massachusetts productize",
    "pt": "Small Soft Pants PCI Centers",
    "de": "RAM Identity",
    "bn": "encryption Albania wireless",
    "ml": "parsing Intranet",
    "uk": "Road",
    "od": "Personal Loan Account",
    "enUs": "Lead Refined Soft Cheese Consultant",
    "enAu": "plum Naira",
    "pa": "Refined Granite Pants"
  },
  "purposeFileID": "549",
  "durationFileID": "846",
  "thumbnailImgUrl": {
    "defaultContent": "Rustic Kina Wooden",
    "en": "connecting Buckinghamshire",
    "hi": "Direct Cambridgeshire",
    "te": "green Program B2C",
    "gu": "Djibouti Franc Coordinator parse",
    "ta": "Personal Loan Account",
    "ka": "pink",
    "mr": "invoice Macedonia",
    "it": "Djibouti Franc deposit",
    "ru": "circuit",
    "es": "Missouri",
    "fr": "Borders Investment Account Underpass",
    "pt": "platforms",
    "de": "Automotive & Baby",
    "bn": "methodical open-source Paradigm",
    "ml": "Metal overriding",
    "uk": "Oregon Turnpike Missouri",
    "od": "Ouguiya",
    "enUs": "panel",
    "enAu": "focus group",
    "pa": "sky blue plum"
  },
  "durationOfInstructionClip": 937,
  "audioUrlV2": {
    "defaultContent": "Group Games, Sports & Tools Small Frozen Keyboard",
    "en": "User-friendly",
    "hi": "Vanuatu Product Avon",
    "te": "Metal Arizona Fantastic Granite Salad",
    "gu": "firewall withdrawal connecting",
    "ta": "Ergonomic Steel Chicken",
    "ka": "Rupiah",
    "mr": "Faroe Islands",
    "it": "Branding Bedfordshire",
    "ru": "interface Loaf",
    "es": "Virginia cross-platform withdrawal",
    "fr": "El Salvador Colon Supervisor",
    "pt": "product Strategist",
    "de": "Automotive",
    "bn": "value-added Centers",
    "ml": "hack revolutionary",
    "uk": "bifurcated full-range",
    "od": "maroon implement back-end",
    "enUs": "Tennessee Designer Oklahoma",
    "enAu": "payment",
    "pa": "quantifying viral"
  },
  "backgroundImageUrl": "Small Granite Cheese Mountain Refined Fresh Keyboard",
  "tags": [
    {
      "id": "576",
      "name": "{{ faker.name.last_name }}"
    },
    {
      "id": "612",
      "name": "{{ faker.name.last_name }}"
    }
  ],
  "attribute": {
    "defaultContent": "Small Concrete Shoes Intelligent Home Loan Account",
    "en": "Incredible Rwanda",
    "hi": "Indiana",
    "te": "Personal Loan Account",
    "gu": "e-services",
    "ta": "orchid communities Cambridgeshire",
    "ka": "generate",
    "mr": "Alley payment infomediaries",
    "it": "Executive",
    "ru": "IB",
    "es": "alarm Norway Ergonomic Fresh Car",
    "fr": "Hungary Grocery, Outdoors & Shoes Soft",
    "pt": "Stravenue",
    "de": "SCSI",
    "bn": "auxiliary streamline visualize",
    "ml": "conglomeration",
    "uk": "Avenue",
    "od": "deposit payment generating",
    "enUs": "Handmade",
    "enAu": "panel Cambridgeshire",
    "pa": "multi-byte"
  },
  "meditationCategory": "PRAYER_MEDITATION"
}