{
  "meditationType": "MEDITATE_WITH_GUIDANCE",
  "title": {
    "defaultContent": "Gorgeous Granite Kids",
    "en": "Automotive",
    "hi": "experiences Mississippi Granite",
    "te": "Metrics Jewelery invoice",
    "gu": "Auto Loan Account Vista",
    "ta": "Quetzal Pound Sterling Personal Loan Account",
    "ka": "clicks-and-mortar Investment Account back-end",
    "mr": "monetize interface",
    "it": "web services Tools",
    "ru": "wireless",
    "es": "copying Bedfordshire",
    "fr": "solid state",
    "pt": "tan indigo",
    "de": "Auto Loan Account",
    "bn": "grey Internal Field",
    "ml": "Gourde FTP Harbor",
    "uk": "Incredible Cotton Car red",
    "od": "payment",
    "enUs": "magnetic open-source",
    "enAu": "Quality",
    "pa": "Toys, Home & Sports program"
  },
  "subTitle": {
    "defaultContent": "Steel bandwidth",
    "en": "Avon convergence Creative",
    "hi": "invoice",
    "te": "mobile",
    "gu": "grey Internal exuding",
    "ta": "users Licensed Plastic Computer compressing",
    "ka": "hacking Mount",
    "mr": "Assurance open-source",
    "it": "Markets backing up",
    "ru": "copying Auto Loan Account",
    "es": "real-time IB tan",
    "fr": "bypass",
    "pt": "Supervisor",
    "de": "Generic Netherlands Awesome Soft Cheese",
    "bn": "Generic installation Hawaii",
    "ml": "Books, Electronics & Automotive Profit-focused",
    "uk": "back up sensor compress",
    "od": "Kroon functionalities",
    "enUs": "deposit",
    "enAu": "Intelligent Arizona Brand",
    "pa": "harness Infrastructure"
  },
  "description": {
    "defaultContent": "Trail Solomon Islands",
    "en": "Generic Concrete Car best-of-breed",
    "hi": "disintermediate Ergonomic Granite Bike portal",
    "te": "Granite",
    "gu": "Greens American Samoa quantifying",
    "ta": "initiative 1080p",
    "ka": "Florida Germany Sudan",
    "mr": "Junction Data",
    "it": "synthesizing",
    "ru": "Bangladesh visualize",
    "es": "Botswana",
    "fr": "Unbranded",
    "pt": "Assurance",
    "de": "portal",
    "bn": "Response cutting-edge red",
    "ml": "Money Market Account Human",
    "uk": "Metal Total",
    "od": "generate Organized cutting-edge",
    "enUs": "payment",
    "enAu": "Ergonomic TCP",
    "pa": "disintermediate Canadian Dollar"
  },
  "durationOfMeditationClip": 580,
  "tag": "Licensed Frozen Sausages Refined",
  "rating": 842.6857,
  "likes": 918,
  "audioUrl": {
    "defaultContent": "Tala",
    "en": "Plastic Legacy back up",
    "hi": "Senior optimal frame",
    "te": "Graphical User Interface",
    "gu": "ivory firewall",
    "ta": "encompassing",
    "ka": "index connect",
    "mr": "Incredible Wooden Towels",
    "it": "intermediate bus",
    "ru": "Specialist Squares",
    "es": "Tennessee",
    "fr": "orange",
    "pt": "programming Squares",
    "de": "monitoring",
    "bn": "Jewelery, Tools & Toys Bedfordshire Incredible",
    "ml": "generate",
    "uk": "Creative Junction back up",
    "od": "Expressway East Caribbean Dollar",
    "enUs": "Research Vision-oriented",
    "enAu": "ability",
    "pa": "New York"
  },
  "imageUrl": {
    "defaultContent": "connecting index",
    "en": "firmware teal",
    "hi": "Savings Account orchid Practical",
    "te": "Mississippi",
    "gu": "Fresh Italy red",
    "ta": "Handcrafted Granite Computer channels Small Metal Salad",
    "ka": "District Home Loan Account",
    "mr": "solid state deposit Fantastic Rubber Bacon",
    "it": "Saint Vincent and the Grenadines synthesizing",
    "ru": "Cambridgeshire Agent transmitting",
    "es": "copy",
    "fr": "El Salvador Colon Spur Lead",
    "pt": "lime Generic Metal Bacon",
    "de": "enterprise",
    "bn": "Regional protocol",
    "ml": "Incredible Fresh Soap SMTP",
    "uk": "Progressive",
    "od": "Forward",
    "enUs": "Cuban Peso Convertible PCI",
    "enAu": "syndicate",
    "pa": "generate"
  },
  "purposeFileID": "702",
  "durationFileID": "28",
  "thumbnailImgUrl": {
    "defaultContent": "Factors",
    "en": "capacity",
    "hi": "encryption info-mediaries",
    "te": "Lakes",
    "gu": "Handmade Customer",
    "ta": "Meadows azure",
    "ka": "mesh",
    "mr": "Ergonomic Frozen Car Colorado copy",
    "it": "withdrawal Tennessee",
    "ru": "Fiji",
    "es": "radical",
    "fr": "Jewelery & Beauty Refined Jewelery, Electronics & Shoes",
    "pt": "array Consultant",
    "de": "e-tailers Exclusive SDD",
    "bn": "hard drive firewall Rubber",
    "ml": "Avon deposit",
    "uk": "cross-platform",
    "od": "Money Market Account Hawaii",
    "enUs": "back-end",
    "enAu": "Frozen",
    "pa": "open-source pixel"
  },
  "tags": [
    {
      "id": "758",
      "name": "{{ faker.name.last_name }}"
    },
    {
      "id": "565",
      "name": "{{ faker.name.last_name }}"
    }
  ],
  "tagIds": [
    "916",
    "131"
  ],
  "attribute": {
    "defaultContent": "open system Awesome",
    "en": "Sleek Fresh Hat Guarani reintermediate",
    "hi": "Incredible Steel Bike",
    "te": "Plastic compress",
    "gu": "Awesome",
    "ta": "visionary Creative flexibility",
    "ka": "AI reboot Small",
    "mr": "Grocery & Electronics fuchsia Stand-alone",
    "it": "Rubber Incredible Cotton Keyboard",
    "ru": "Bond Markets Units European Composite Unit (EURCO) invoice",
    "es": "next-generation",
    "fr": "SQL service-desk",
    "pt": "Maryland",
    "de": "program Supervisor Suriname",
    "bn": "Rubber ivory intuitive",
    "ml": "Refined",
    "uk": "backing up Wooden",
    "od": "parsing maximize",
    "enUs": "Analyst Outdoors, Sports & Shoes",
    "enAu": "application stable",
    "pa": "Functionality"
  }
}