{
  "meditationType": "MEDITATE_WITH_GROUPS",
  "title": "Web Pines overriding",
  "subTitle": "Delaware Dominican Peso",
  "description": "knowledge user deliverables",
  "durationOfMeditationClip": 178,
  "tag": "Toys invoice",
  "rating": 38.952656,
  "likes": 837,
  "audioUrl": "Path firewall parse",
  "imageUrl": "Handmade Rubber Bike Human Response",
  "purposeFileID": "894",
  "durationFileID": "585",
  "tags": [
    {
      "id": "774",
      "name": "{{ faker.name.last_name }}"
    },
    {
      "id": "829",
      "name": "{{ faker.name.last_name }}"
    }
  ]
}