{
  "purpose": {
    "defaultContent": "Intelligent",
    "en": "circuit Multi-tiered Mountains",
    "hi": "violet Officer",
    "te": "open-source",
    "gu": "card",
    "ta": "Steel Liaison bypass",
    "ka": "infrastructures scalable",
    "mr": "Unions Aruban Guilder calculating",
    "it": "Pennsylvania Berkshire analyzer",
    "ru": "Down-sized Practical Metal Bike",
    "es": "open-source Licensed Steel Fish",
    "fr": "Algeria radical",
    "pt": "Small Wooden Car Money Market Account Mississippi",
    "de": "Fresh solid state",
    "bn": "Singapore Dollar radical",
    "ml": "capability Steel",
    "uk": "Iceland Krona",
    "od": "Ergonomic Rubber Towels Row",
    "enUs": "Diverse rich",
    "enAu": "array Liaison Beauty",
    "pa": "Wyoming aggregate"
  },
  "imageURL": "Personal Loan Account SMTP",
  "withoutBorderImageUrl": "invoice"
}