{
  "id": "65",
  "purpose": {
    "defaultContent": "North Dakota solid state",
    "en": "superstructure",
    "hi": "Lead Ergonomic Fresh Cheese",
    "te": "generate Club",
    "gu": "Hills protocol",
    "ta": "Rustic Books, Books & Grocery",
    "ka": "withdrawal Incredible program",
    "mr": "unleash bypass optical",
    "it": "object-oriented transmit",
    "ru": "global Web",
    "es": "Customer",
    "fr": "Brunei Dollar Alabama generate",
    "pt": "Incredible Steel Table directional",
    "de": "Palestinian Territory cyan Awesome",
    "bn": "Director Analyst",
    "ml": "Wall",
    "uk": "Saudi Riyal Home Loan Account",
    "od": "Engineer",
    "enUs": "Diverse enhance",
    "enAu": "Distributed Berkshire Gorgeous Metal Chair",
    "pa": "Landing"
  },
  "imageURL": "SQL",
  "withoutBorderImageUrl": "Games & Garden driver bandwidth"
}