{
  "id": "568",
  "meditationType": "MEDITATE_WITH_TRAINER",
  "title": {
    "defaultContent": "strategize Director Borders",
    "en": "Avon Azerbaijanian Manat",
    "hi": "Future connecting Soft",
    "te": "parsing invoice Cotton",
    "gu": "Product",
    "ta": "deposit",
    "ka": "withdrawal",
    "mr": "connecting",
    "it": "Sports, Tools & Books",
    "ru": "Squares input Supervisor",
    "es": "Illinois protocol",
    "fr": "Utah Village",
    "pt": "open-source",
    "de": "Integrated",
    "bn": "SSL dynamic",
    "ml": "Ridges grey",
    "uk": "Niger transparent violet",
    "od": "Zambia Personal Loan Account Home Loan Account",
    "enUs": "copy Steel",
    "enAu": "wireless Cuba Pula",
    "pa": "technologies Cayman Islands Dollar Landing"
  },
  "subTitle": {
    "defaultContent": "Avon deposit",
    "en": "New York",
    "hi": "override Shoes & Outdoors",
    "te": "mesh Berkshire",
    "gu": "Maine Incredible Rubber Chips",
    "ta": "Executive",
    "ka": "Metrics JBOD withdrawal",
    "mr": "capacitor California",
    "it": "redundant Gorgeous Soft Ball Steel",
    "ru": "Practical",
    "es": "Sports, Jewelery & Shoes",
    "fr": "Kansas Frozen Grocery & Clothing",
    "pt": "Quality Vermont",
    "de": "withdrawal",
    "bn": "reboot methodologies",
    "ml": "Sports Lake Avon",
    "uk": "Soft Intelligent Granite Shirt Cambridgeshire",
    "od": "Kuwait Grocery Phased",
    "enUs": "Tunisian Dinar",
    "enAu": "Kenyan Shilling National quantify",
    "pa": "Fantastic Steel Sausages"
  },
  "description": {
    "defaultContent": "concept Incredible Metal Computer calculating",
    "en": "Frozen",
    "hi": "Operations Brunei Darussalam Face to face",
    "te": "Consultant Colorado Malaysian Ringgit",
    "gu": "Personal Loan Account Bedfordshire quantify",
    "ta": "capacity Won Forward",
    "ka": "Islands Generic Metal Ball",
    "mr": "California Parks",
    "it": "California Automated payment",
    "ru": "Plastic Alaska",
    "es": "Handmade Metal Car transparent",
    "fr": "virtual Island",
    "pt": "neural-net",
    "de": "Djibouti Franc",
    "bn": "Savings Account purple",
    "ml": "Locks",
    "uk": "deposit Sleek Frozen Towels",
    "od": "deposit Reunion",
    "enUs": "Circles",
    "enAu": "pink invoice",
    "pa": "embrace payment"
  },
  "durationOfMeditationClip": 708,
  "tag": "artificial intelligence Grove",
  "rating": 514.27515,
  "likes": 983,
  "audioUrl": {
    "defaultContent": "users Handcrafted",
    "en": "Forward Spurs",
    "hi": "Central info-mediaries invoice",
    "te": "FTP Tasty salmon",
    "gu": "Borders",
    "ta": "alarm Jersey",
    "ka": "synthesizing Lakes Fantastic",
    "mr": "enterprise",
    "it": "District",
    "ru": "Malawi",
    "es": "innovative Virginia Unbranded",
    "fr": "Pakistan",
    "pt": "Assimilated Mills Refined",
    "de": "Refined",
    "bn": "Legacy",
    "ml": "e-enable wireless ADP",
    "uk": "Buckinghamshire deposit maximized",
    "od": "Mills Internal",
    "enUs": "IB",
    "enAu": "Locks Baht Checking Account",
    "pa": "Group"
  },
  "imageUrl": {
    "defaultContent": "Lead Movies & Shoes",
    "en": "Web Human",
    "hi": "New Mexico Station deposit",
    "te": "PCI Sleek Metal Table",
    "gu": "withdrawal open-source",
    "ta": "parsing Savings Account systemic",
    "ka": "JBOD",
    "mr": "digital Trace",
    "it": "virtual",
    "ru": "Ireland",
    "es": "Shore program bypassing",
    "fr": "Burgs synthesizing",
    "pt": "national Home Loan Account",
    "de": "payment port Innovative",
    "bn": "Solutions wireless",
    "ml": "Valleys",
    "uk": "calculate maroon",
    "od": "Utah Generic Wooden Hat payment",
    "enUs": "Plain Montana",
    "enAu": "infomediaries",
    "pa": "Tasty Steel Gloves Optional"
  },
  "thumbnailImgUrl": {
    "defaultContent": "Plaza",
    "en": "redundant Open-architected Personal Loan Account",
    "hi": "Rustic",
    "te": "Leone",
    "gu": "Specialist Unbranded Fresh Tuna Uganda Shilling",
    "ta": "methodologies",
    "ka": "Facilitator AI Incredible Concrete Hat",
    "mr": "Consultant",
    "it": "Borders ROI",
    "ru": "International Avon Georgia",
    "es": "portals Refined Wooden Towels index",
    "fr": "Future",
    "pt": "Program Persevering",
    "de": "Tasty Wooden Chips Implementation User-friendly",
    "bn": "Spring Re-contextualized",
    "ml": "Future",
    "uk": "capacitor Streets aggregate",
    "od": "Cayman Islands",
    "enUs": "Producer PCI",
    "enAu": "Burundi Ameliorated Bedfordshire",
    "pa": "teal zero defect Corporate"
  },
  "purposeFileID": "815",
  "durationFileID": "536",
  "tags": [
    {
      "id": "579",
      "name": "{{ faker.name.last_name }}"
    },
    {
      "id": "985",
      "name": "{{ faker.name.last_name }}"
    }
  ],
  "tagIds": [
    "392",
    "867"
  ],
  "attribute": {
    "defaultContent": "Small Wooden Salad overriding",
    "en": "Forward Liberian Dollar extensible",
    "hi": "Global",
    "te": "Pike",
    "gu": "Connecticut connect",
    "ta": "Central Refined Frozen Gloves",
    "ka": "payment",
    "mr": "Cambridgeshire Bedfordshire Rubber",
    "it": "Ergonomic Rubber Cheese Consultant",
    "ru": "Rhode Island back-end",
    "es": "deposit",
    "fr": "Vista",
    "pt": "navigate",
    "de": "schemas XML",
    "bn": "digital Incredible Frozen Computer lavender",
    "ml": "bifurcated",
    "uk": "Usability Turnpike",
    "od": "National Tasty Meadow",
    "enUs": "navigate withdrawal workforce",
    "enAu": "Cuban Peso standardization gold",
    "pa": "Refined Rubber Salad Checking Account Tasty"
  },
  "meditationCategory": "CLEANING_MEDITATION"
}