{
  "id": "485",
  "meditationType": "MEDITATE_WITH_PRECEPTOR",
  "title": "Wooden Bhutanese Ngultrum",
  "subTitle": "Montenegro explicit generating",
  "description": "programming Guinea",
  "durationOfMeditationClip": 240,
  "tag": "Licensed Frozen Gloves Fresh Credit Card Account",
  "rating": 260.46088,
  "likes": 328,
  "audioUrl": "functionalities Identity Directives",
  "imageUrl": "deposit gold",
  "durationFile": {
    "id": "886",
    "durationInSeconds": 563,
    "imageURL": "forecast Iowa",
    "selectedImageURL": "Cambodia French Southern Territories"
  },
  "purposeFile": {
    "id": "144",
    "purpose": "solid state Unbranded Steel Shoes",
    "imageURL": "Music, Games & Industrial",
    "withoutBorderImageUrl": "Optional Versatile"
  },
  "thumbnailImgUrl": "deposit",
  "audioUrlV2": "digital intuitive",
  "durationOfInstructionClip": 867,
  "backgroundImageUrl": "Burgs static",
  "tags": [
    {
      "id": "163",
      "name": "{{ faker.name.last_name }}"
    },
    {
      "id": "568",
      "name": "{{ faker.name.last_name }}"
    }
  ],
  "tagIds": [
    "866",
    "278"
  ],
  "attribute": "IB South Carolina",
  "meditationCategory": "PRAYER_MEDITATION"
}