{
  "id": "458",
  "meditationType": "MEDITATE_ANY_RECORDED_CONTENT",
  "title": {
    "defaultContent": "Way capacitor e-markets",
    "en": "Iowa",
    "hi": "Falls leading-edge",
    "te": "Accountability orchestrate",
    "gu": "synthesize Borders transmit",
    "ta": "Sharable olive Unbranded",
    "ka": "solution-oriented Dynamic",
    "mr": "Lake deposit",
    "it": "navigate",
    "ru": "European Monetary Unit (E.M.U.-6) action-items South Carolina",
    "es": "end-to-end",
    "fr": "paradigms Balanced",
    "pt": "invoice Venezuela Supervisor",
    "de": "seize program",
    "bn": "Cotton clicks-and-mortar invoice",
    "ml": "core Assistant Parkways",
    "uk": "olive Plain Generic Concrete Pizza",
    "od": "Wooden",
    "enUs": "24/365 Savings Account Trace",
    "enAu": "Direct Maine",
    "pa": "Quality sensor Incredible Fresh Towels"
  },
  "subTitle": {
    "defaultContent": "Cloned integrate harness",
    "en": "mesh",
    "hi": "Games",
    "te": "invoice",
    "gu": "GB",
    "ta": "bandwidth",
    "ka": "application",
    "mr": "Practical Concrete Sausages Unbranded Soft Car Tools",
    "it": "solid state Operative",
    "ru": "bypass deposit monetize",
    "es": "Nepalese Rupee Principal",
    "fr": "Awesome Creative",
    "pt": "Armenia Tunnel",
    "de": "Marshall Islands Designer orchid",
    "bn": "system Louisiana",
    "ml": "mesh payment Common",
    "uk": "Refined Concrete Tuna Fantastic Fresh Car",
    "od": "Inlet Manager virtual",
    "enUs": "parsing Administrator",
    "enAu": "TCP Iranian Rial",
    "pa": "Points Handcrafted Fresh Towels Gorgeous Concrete Hat"
  },
  "description": {
    "defaultContent": "Auto Loan Account Branding",
    "en": "UIC-Franc solutions",
    "hi": "gold",
    "te": "whiteboard",
    "gu": "Phased vortals",
    "ta": "Rial Omani Cape Rubber",
    "ka": "Tennessee Incredible Fresh Chair",
    "mr": "US Dollar orchid",
    "it": "panel Facilitator mindshare",
    "ru": "Handcrafted value-added Money Market Account",
    "es": "protocol Ramp integrate",
    "fr": "Incredible Sleek Rubber Tuna e-services",
    "pt": "integrate",
    "de": "Armenia",
    "bn": "Union",
    "ml": "content National",
    "uk": "Spur",
    "od": "Spurs",
    "enUs": "program core",
    "enAu": "sensor neural",
    "pa": "Czech Koruna Practical Metal Sausages"
  },
  "durationOfMeditationClip": 12,
  "tag": "Belize Dollar Ergonomic Row",
  "rating": 674.6043,
  "likes": 190,
  "audioUrl": {
    "defaultContent": "mobile",
    "en": "customized Fresh",
    "hi": "Berkshire Personal Loan Account",
    "te": "object-oriented Multi-lateral Interactions",
    "gu": "B2C Fresh",
    "ta": "Corporate Sports",
    "ka": "connecting Program zero tolerance",
    "mr": "Tasty e-business",
    "it": "synergistic Investment Account granular",
    "ru": "Turnpike",
    "es": "Paraguay",
    "fr": "synthesizing",
    "pt": "Soft Supervisor",
    "de": "Steel",
    "bn": "Rubber Practical Fresh Chair Steel",
    "ml": "Executive",
    "uk": "Strategist leverage",
    "od": "matrix bluetooth Malta",
    "enUs": "analyzing Producer",
    "enAu": "Customer context-sensitive",
    "pa": "New Leu Borders"
  },
  "imageUrl": {
    "defaultContent": "productize",
    "en": "content",
    "hi": "web-enabled synthesize Divide",
    "te": "ivory Future-proofed Incredible Plastic Fish",
    "gu": "Fantastic Plastic Shoes Fiji Dollar Handcrafted",
    "ta": "Home Loan Account payment",
    "ka": "Field efficient",
    "mr": "Squares",
    "it": "Arkansas framework Fresh",
    "ru": "EXE Ergonomic",
    "es": "driver Profit-focused Credit Card Account",
    "fr": "Practical",
    "pt": "calculate",
    "de": "web-enabled out-of-the-box",
    "bn": "Personal Loan Account Multi-lateral",
    "ml": "driver Strategist",
    "uk": "hub payment Avon",
    "od": "Bedfordshire Decentralized",
    "enUs": "Incredible",
    "enAu": "Unbranded Frozen Chicken primary calculating",
    "pa": "Gorgeous Cotton Computer Alaska"
  },
  "thumbnailImgUrl": {
    "defaultContent": "Sports, Kids & Toys reciprocal local area network",
    "en": "Awesome Rubber Soap multi-byte",
    "hi": "Berkshire International Secured",
    "te": "Spring Avon bus",
    "gu": "Tasty Granite Towels Alaska monitor",
    "ta": "Global",
    "ka": "interface",
    "mr": "Chad middleware Licensed Steel Chicken",
    "it": "Intelligent Concrete Shirt",
    "ru": "input Investment Account",
    "es": "teal",
    "fr": "Beauty, Beauty & Electronics",
    "pt": "relationships Spring parallelism",
    "de": "CSS open-source",
    "bn": "Kids, Garden & Jewelery",
    "ml": "Buckinghamshire New York clear-thinking",
    "uk": "firewall Movies",
    "od": "Money Market Account Licensed Cotton Fish Orchestrator",
    "enUs": "Ergonomic Granite Salad XSS Administrator",
    "enAu": "Tasty Concrete Chair Security Advanced",
    "pa": "Practical Concrete Sausages"
  },
  "purposeFileID": "215",
  "durationFileID": "168",
  "durationOfInstructionClip": 16,
  "audioUrlV2": {
    "defaultContent": "open-source Fresh Gorgeous",
    "en": "forecast",
    "hi": "generating index",
    "te": "Investment Account",
    "gu": "flexibility",
    "ta": "auxiliary",
    "ka": "mobile",
    "mr": "quantifying Lights",
    "it": "transmit",
    "ru": "Concrete Auto Loan Account withdrawal",
    "es": "wireless Berkshire",
    "fr": "Avon Engineer Representative",
    "pt": "Communications Music, Kids & Outdoors Regional",
    "de": "Ergonomic Wooden Sausages",
    "bn": "auxiliary",
    "ml": "Unbranded Metal Bacon solution-oriented",
    "uk": "array Dynamic",
    "od": "Bedfordshire Developer",
    "enUs": "reintermediate",
    "enAu": "robust Directives",
    "pa": "functionalities"
  },
  "backgroundImageUrl": "Toys, Electronics & Baby",
  "tags": [
    {
      "id": "96",
      "name": "{{ faker.name.last_name }}"
    },
    {
      "id": "449",
      "name": "{{ faker.name.last_name }}"
    }
  ],
  "tagIds": [
    "289",
    "30"
  ],
  "attribute": {
    "defaultContent": "Marketing Tasty Metal Hat",
    "en": "Buckinghamshire Personal Loan Account Avon",
    "hi": "B2B Producer",
    "te": "Expressway California",
    "gu": "Handcrafted Concrete Ball driver primary",
    "ta": "reboot SSL",
    "ka": "hierarchy transmitter Representative",
    "mr": "Agent leverage",
    "it": "interface",
    "ru": "invoice invoice",
    "es": "markets",
    "fr": "Credit Card Account holistic enhance",
    "pt": "engineer Tactics",
    "de": "COM Reactive",
    "bn": "Specialist",
    "ml": "Money Market Account copying Concrete",
    "uk": "tan Personal Loan Account",
    "od": "ROI Extensions",
    "enUs": "silver connect",
    "enAu": "Unbranded Granite Tuna Operations invoice",
    "pa": "sexy"
  },
  "meditationCategory": "GUIDANCE_MEDITATION"
}