{
  "title": {
    "defaultContent": "Tools, Baby & Health Port",
    "en": "maroon",
    "hi": "workforce multi-byte Fantastic",
    "te": "CSS",
    "gu": "Auto Loan Account",
    "ta": "yellow Brooks",
    "ka": "Tasty Wooden Salad Product Clothing, Baby & Garden",
    "mr": "Distributed Sleek Metal Towels International",
    "it": "responsive",
    "ru": "benchmark Crescent aggregate",
    "es": "project compressing",
    "fr": "capacitor",
    "pt": "Gorgeous Investor artificial intelligence",
    "de": "digital",
    "bn": "Concrete Incredible Checking Account",
    "ml": "Drive world-class zero defect",
    "uk": "Stravenue Direct",
    "od": "grey Quality",
    "enUs": "Senior",
    "enAu": "Saint Vincent and the Grenadines Licensed Practical Steel Cheese",
    "pa": "violet Macao RAM"
  },
  "subtitle": {
    "defaultContent": "program generating",
    "en": "architect",
    "hi": "Forward Steel violet",
    "te": "time-frame Handcrafted Metal Chicken analyzer",
    "gu": "Pennsylvania",
    "ta": "Swedish Krona XSS",
    "ka": "PNG",
    "mr": "indexing solid state",
    "it": "hub",
    "ru": "system-worthy",
    "es": "Australian Dollar Steel",
    "fr": "Home & Kids",
    "pt": "extend Corporate",
    "de": "Brazilian Real Wisconsin",
    "bn": "engage web-enabled",
    "ml": "Dynamic Buckinghamshire",
    "uk": "input Checking Account",
    "od": "e-commerce Libyan Dinar Multi-tiered",
    "enUs": "Customer navigating",
    "enAu": "Metal mint green protocol",
    "pa": "lime override"
  },
  "author": {
    "defaultContent": "open-source card engage",
    "en": "Fantastic Rubber Shoes",
    "hi": "Grocery & Industrial bluetooth connecting",
    "te": "Puerto Rico",
    "gu": "mindshare out-of-the-box Kansas",
    "ta": "back-end",
    "ka": "Product",
    "mr": "Mills",
    "it": "e-enable Alabama Cambridgeshire",
    "ru": "Street Path",
    "es": "cultivate Regional indigo",
    "fr": "Incredible",
    "pt": "Awesome Plastic Mouse hack",
    "de": "override Bahamas",
    "bn": "plum Automotive & Kids Intelligent Granite Computer",
    "ml": "Concrete",
    "uk": "analyzing Svalbard & Jan Mayen Islands",
    "od": "Tactics programming",
    "enUs": "program Incredible Concrete Mouse",
    "enAu": "Libyan Dinar cross-media Maryland",
    "pa": "analyzer Officer"
  },
  "content": {
    "defaultContent": "Tennessee Investment Account",
    "en": "incremental",
    "hi": "Buckinghamshire yellow",
    "te": "Incredible",
    "gu": "Synergized Auto Loan Account Borders",
    "ta": "Handcrafted Rubber Sausages",
    "ka": "Borders",
    "mr": "metrics",
    "it": "European Unit of Account 17(E.U.A.-17) Handcrafted Plastic Salad",
    "ru": "demand-driven",
    "es": "program New Hampshire",
    "fr": "Human transparent",
    "pt": "impactful",
    "de": "exuding",
    "bn": "recontextualize Home Loan Account",
    "ml": "Indian Rupee",
    "uk": "parse architect Producer",
    "od": "exploit Producer hub",
    "enUs": "neural Berkshire Future-proofed",
    "enAu": "Direct",
    "pa": "multi-state Compatible"
  },
  "image": "bus Infrastructure",
  "readingTime": 558,
  "tag": "Optimization Business-focused",
  "isWebView": false,
  "webViewUrl": "hybrid AI Fantastic",
  "contentCategory": "BLOGS",
  "videoUrl": {
    "defaultContent": "synthesizing salmon program",
    "en": "Auto Loan Account Fantastic Soft Soap",
    "hi": "Graphical User Interface Tactics",
    "te": "cultivate Investment Account",
    "gu": "knowledge base Usability Global",
    "ta": "Licensed Rubber Bike Personal Loan Account",
    "ka": "transmitting open-source",
    "mr": "maroon",
    "it": "Manat Plastic",
    "ru": "Park orchestration Refined Frozen Sausages",
    "es": "deposit Brooks",
    "fr": "Handmade Fresh Shirt Unbranded Steel Car",
    "pt": "navigating",
    "de": "Land",
    "bn": "Operative",
    "ml": "Customer Jordanian Dinar",
    "uk": "Zloty",
    "od": "Books Gorgeous Fresh Bike",
    "enUs": "Wells Fords",
    "enAu": "Tunnel",
    "pa": "Right-sized"
  },
  "featureImage": "sky blue",
  "thumbnail": "Idaho",
  "videoCategory": "UNKNOWN_VIDEO_CATEGORY",
  "featuredContent": "UNKNOWN_FEATURED_CONTENT",
  "filterIds": [
    "515",
    "829"
  ],
  "discover": "BODY",
  "tags": [
    {
      "id": "453",
      "name": "{{ faker.name.last_name }}"
    },
    {
      "id": "130",
      "name": "{{ faker.name.last_name }}"
    }
  ],
  "documentCategory": "SLEEP",
  "pdfUrl": "Borders copying",
  "attribute": {
    "defaultContent": "Equatorial Guinea Michigan auxiliary",
    "en": "sensor input copy",
    "hi": "payment Wooden",
    "te": "Mauritius generating",
    "gu": "Tactics",
    "ta": "Utah Corporate",
    "ka": "indexing",
    "mr": "Wooden Customer",
    "it": "Ireland",
    "ru": "Marketing",
    "es": "generate Radial",
    "fr": "Sports national",
    "pt": "innovate Buckinghamshire",
    "de": "Ergonomic Frozen Bike invoice",
    "bn": "gold Manat",
    "ml": "Place application invoice",
    "uk": "Corporate Uzbekistan Sum",
    "od": "firewall Island haptic",
    "enUs": "Handcrafted deposit",
    "enAu": "Books, Electronics & Movies Riel",
    "pa": "blockchains HTTP Credit Card Account"
  }
}