{
  "contentFilterName": {
    "defaultContent": "Baby Highway",
    "en": "Fresh SMS",
    "hi": "open-source Investor optimize",
    "te": "Centralized",
    "gu": "connect",
    "ta": "Concrete empower circuit",
    "ka": "violet",
    "mr": "Personal Loan Account",
    "it": "port Trafficway Ways",
    "ru": "West Virginia Reactive",
    "es": "Savings Account framework",
    "fr": "deposit Buckinghamshire interface",
    "pt": "Fresh granular matrix",
    "de": "channels",
    "bn": "Cliff Open-architected reciprocal",
    "ml": "out-of-the-box Run",
    "uk": "Practical Cotton Shirt scalable Licensed Wooden Cheese",
    "od": "Credit Card Account Unbranded Metal Shoes",
    "enUs": "supply-chains South Georgia and the South Sandwich Islands",
    "enAu": "Decentralized enterprise",
    "pa": "Nauru Station"
  }
}