{
  "FAQs": {
    "defaultContent": "e-services",
    "en": "deposit Director Generic Frozen Bacon",
    "hi": "iterate",
    "te": "Internal Saint Barthelemy",
    "gu": "one-to-one",
    "ta": "Czech Koruna",
    "ka": "Avon",
    "mr": "Cotton transmitting",
    "it": "New Zealand Dollar lavender",
    "ru": "Savings Account Borders",
    "es": "Sleek Wooden Soap pink",
    "fr": "Awesome Ports systems",
    "pt": "one-to-one Small Soft Cheese transmit",
    "de": "panel Nuevo Sol Licensed Rubber Bike",
    "bn": "Handmade back up",
    "ml": "Small Steel Towels",
    "uk": "CFA Franc BEAC transmitting Bedfordshire",
    "od": "Florida Shore reboot",
    "enUs": "calculate",
    "enAu": "disintermediate",
    "pa": "system engine"
  },
  "FAQsAnswers": {
    "defaultContent": "Refined Wooden Fish copy payment",
    "en": "Response Centers",
    "hi": "recontextualize Ergonomic Frozen Gloves Refined Wooden Shirt",
    "te": "Small Metal Soap Supervisor Fantastic",
    "gu": "high-level deposit Accounts",
    "ta": "Credit Card Account calculating",
    "ka": "Lempira protocol quantifying",
    "mr": "Practical",
    "it": "Analyst",
    "ru": "Walk",
    "es": "Frozen magenta",
    "fr": "Usability Berkshire",
    "pt": "Bermuda",
    "de": "Multi-tiered demand-driven",
    "bn": "dynamic",
    "ml": "Rwanda Franc mindshare Investment Account",
    "uk": "Metrics quantify synergy",
    "od": "Planner white extend",
    "enUs": "tan Berkshire Division",
    "enAu": "transmit quantifying deposit",
    "pa": "Guernsey"
  },
  "screen": "input",
  "selectedScreen": "LIVE_SESSION_DETAILS_SCREEN"
}