{
  "name": {
    "defaultContent": "Brook",
    "en": "Egyptian Pound Metal Practical",
    "hi": "redundant",
    "te": "cohesive",
    "gu": "SQL",
    "ta": "streamline high-level",
    "ka": "bypassing syndicate Accountability",
    "mr": "solutions program vertical",
    "it": "Principal optimize Marketing",
    "ru": "Developer Small Granite Computer",
    "es": "Investment Account synergistic withdrawal",
    "fr": "Ergonomic Concrete Mouse EXE Functionality",
    "pt": "Wooden Awesome Cotton Computer salmon",
    "de": "Dynamic Robust",
    "bn": "Groves",
    "ml": "Tasty Frozen Cheese Multi-lateral",
    "uk": "withdrawal",
    "od": "rich Computers, Home & Beauty invoice",
    "enUs": "turn-key Chief",
    "enAu": "local Intelligent Metal Cheese salmon",
    "pa": "Creative"
  },
  "associatedColor": "backing up Developer",
  "moodType": "MOOD_HAPPY"
}