{
  "tiggerName": {
    "defaultContent": "Producer",
    "en": "compress Auto Loan Account Berkshire",
    "hi": "value-added Clothing Technician",
    "te": "invoice online",
    "gu": "neural",
    "ta": "Metrics payment Falkland Islands (Malvinas)",
    "ka": "conglomeration Practical Metal Cheese",
    "mr": "Ergonomic cultivate instruction set",
    "it": "Handcrafted Engineer",
    "ru": "Managed Awesome",
    "es": "Sleek Avon bypassing",
    "fr": "compress",
    "pt": "24/365 Lead",
    "de": "Generic Frozen Mouse turquoise e-services",
    "bn": "Generic Wooden Pants Fantastic Cotton Towels Wooden",
    "ml": "Strategist Oval Walk",
    "uk": "applications",
    "od": "Christmas Island Unbranded Wooden Table",
    "enUs": "architect turn-key",
    "enAu": "violet Associate Drives",
    "pa": "infrastructure Sleek Cotton Keyboard"
  },
  "emojiUrl": "contextually-based"
}