{
  "name": {
    "defaultContent": "SMTP",
    "en": "bandwidth",
    "hi": "exploit",
    "te": "Cotton Orchard",
    "gu": "service-desk",
    "ta": "Indian Rupee Ports",
    "ka": "Dale Path",
    "mr": "Checking Account teal",
    "it": "Awesome Down-sized Branding",
    "ru": "Auto Loan Account Rustic Integration",
    "es": "help-desk Gorgeous Handcrafted",
    "fr": "Investor Georgia",
    "pt": "open-source multimedia architect",
    "de": "maximize Future deposit",
    "bn": "optical Paradigm",
    "ml": "Refined Metal Pizza Configuration",
    "uk": "Sharable",
    "od": "customized Small",
    "enUs": "synthesize incubate",
    "enAu": "optical",
    "pa": "Personal Loan Account Orchestrator"
  },
  "icon": "hack intermediate azure",
  "badgeDescription": {
    "defaultContent": "US Dollar alliance",
    "en": "Technician invoice Solutions",
    "hi": "complexity Principal Strategist",
    "te": "Pines",
    "gu": "compress Savings Account",
    "ta": "compressing Georgia Locks",
    "ka": "Illinois Harbors Mountain",
    "mr": "transition 4th generation Soft",
    "it": "Unbranded Steel Salad Home",
    "ru": "enterprise architectures",
    "es": "Granite Cambridgeshire systems",
    "fr": "proactive",
    "pt": "Philippine Peso Expanded",
    "de": "Illinois deposit pixel",
    "bn": "success Vision-oriented",
    "ml": "hacking compressing",
    "uk": "Gorgeous Frozen Keyboard Harbor",
    "od": "motivating Developer",
    "enUs": "Handcrafted Frozen Towels programming infomediaries",
    "enAu": "Handcrafted Steel Tuna Handcrafted",
    "pa": "Small Plastic Keyboard"
  },
  "badgeColor": "Lead"
}