{
  "days": 823,
  "durationLimitInDays": 181,
  "typeOfMeditationAssociated": "MEDITATE_WITH_TRAINER",
  "associatedBadgeID": "733",
  "title": {
    "defaultContent": "productize impactful Virgin Islands, U.S.",
    "en": "online",
    "hi": "unleash Square",
    "te": "synthesize",
    "gu": "Secured violet",
    "ta": "transform",
    "ka": "digital Tugrik",
    "mr": "payment Philippine Peso Gorgeous Granite Ball",
    "it": "approach",
    "ru": "Product Auto Loan Account wireless",
    "es": "Adaptive",
    "fr": "payment",
    "pt": "Granite",
    "de": "Directives Technician",
    "bn": "wireless knowledge user Surinam Dollar",
    "ml": "mobile e-services",
    "uk": "Regional Incredible Tasty Rubber Computer",
    "od": "infomediaries",
    "enUs": "3rd generation Regional",
    "enAu": "Street",
    "pa": "Village Bolivar Fuerte uniform"
  },
  "subTitle": {
    "defaultContent": "bypass",
    "en": "Kids & Tools",
    "hi": "South Carolina Kip",
    "te": "bluetooth users",
    "gu": "Refined Concrete Table Handmade Metal Soap",
    "ta": "synergies",
    "ka": "Licensed Fresh",
    "mr": "out-of-the-box Handmade Steel Fish",
    "it": "programming Grocery & Computers Generic Concrete Car",
    "ru": "circuit",
    "es": "compress",
    "fr": "next-generation leverage",
    "pt": "Dynamic Buckinghamshire",
    "de": "24 hour",
    "bn": "Ergonomic Internal",
    "ml": "e-business District",
    "uk": "European Unit of Account 9(E.U.A.-9) Managed withdrawal",
    "od": "Re-engineered Auto Loan Account",
    "enUs": "Refined Manager matrices",
    "enAu": "connecting Savings Account blue",
    "pa": "communities Human Sleek Rubber Chicken"
  },
  "badgeCount": 951,
  "expiryDays": 191,
  "meditationCategory": "PRAYER_MEDITATION"
}