{
  "title": {
    "defaultContent": "Legacy",
    "en": "circuit",
    "hi": "workforce mesh Awesome Granite Car",
    "te": "magenta Sports & Outdoors",
    "gu": "contextually-based static",
    "ta": "Cedi",
    "ka": "Refined Steel Cheese silver grid-enabled",
    "mr": "synthesize",
    "it": "compressing Norwegian Krone",
    "ru": "experiences",
    "es": "Global Harbors extend",
    "fr": "interfaces Web",
    "pt": "Awesome Steel Car",
    "de": "Fresh Intelligent Cotton Towels Steel",
    "bn": "panel",
    "ml": "Sleek Rubber Salad Union Refined Cotton Chicken",
    "uk": "Auto Loan Account",
    "od": "customer loyalty Shore Berkshire",
    "enUs": "synthesize",
    "enAu": "monitor",
    "pa": "HTTP demand-driven"
  },
  "description": {
    "defaultContent": "Tasty Concrete Pants",
    "en": "Fantastic Wooden Shirt",
    "hi": "Bond Markets Units European Composite Unit (EURCO) Unbranded Fresh Pizza Licensed Metal Tuna",
    "te": "Factors",
    "gu": "CSS Savings Account Awesome Concrete Ball",
    "ta": "connect",
    "ka": "Investment Account monetize",
    "mr": "Planner Health & Jewelery",
    "it": "Borders internet solution",
    "ru": "Regional Paradigm Light",
    "es": "Ergonomic Integration",
    "fr": "Oklahoma Metal",
    "pt": "hacking",
    "de": "Incredible Producer PCI",
    "bn": "overriding Toys",
    "ml": "withdrawal Skyway Stream",
    "uk": "bus one-to-one Checking Account",
    "od": "Buckinghamshire",
    "enUs": "indexing",
    "enAu": "Credit Card Account Practical Soft Chicken solid state",
    "pa": "Legacy Tasty"
  },
  "requiredTimes": 490,
  "requiredDays": 369,
  "goalCategory": "MEDITATION_STREAK_GOAL",
  "associatedBadgeID": "51",
  "badgeCount": 511,
  "duration": 888,
  "requiredIDs": [
    "944",
    "476"
  ],
  "publishGoal": true,
  "meditationCategory": "GUIDANCE_MEDITATION",
  "userId": "44",
  "selectedLanguage": "MR",
  "goalTitle": "proactive Fantastic Savings Account",
  "goalDescription": "24 hour Handcrafted Rubber Computer"
}