{
  "title": {
    "defaultContent": "Maine",
    "en": "payment Clothing & Books",
    "hi": "driver",
    "te": "distributed intangible",
    "gu": "override",
    "ta": "North Carolina",
    "ka": "Borders",
    "mr": "copying Fresh Fall",
    "it": "quantify Solutions",
    "ru": "Credit Card Account",
    "es": "Awesome Mills",
    "fr": "Music & Shoes reboot Administrator",
    "pt": "Guernsey invoice Sleek Wooden Shoes",
    "de": "Ergonomic Concrete Pizza",
    "bn": "Customer function",
    "ml": "Iowa scale SSL",
    "uk": "users Books & Movies",
    "od": "Games, Music & Outdoors",
    "enUs": "open-source Guatemala",
    "enAu": "Solutions Administrator",
    "pa": "Granite Enterprise-wide mesh"
  },
  "description": {
    "defaultContent": "Taka Bolivia",
    "en": "navigating",
    "hi": "HTTP incentivize Agent",
    "te": "Tennessee",
    "gu": "auxiliary Bedfordshire Nauru",
    "ta": "Mississippi cross-platform",
    "ka": "synthesizing",
    "mr": "e-markets Swiss Franc",
    "it": "monitor",
    "ru": "Movies Operations",
    "es": "Fresh system virtual",
    "fr": "Concrete algorithm",
    "pt": "driver Knolls Executive",
    "de": "Handcrafted Concrete Towels",
    "bn": "Designer Jamaica",
    "ml": "Handcrafted Cotton Sausages protocol Investment Account",
    "uk": "Plastic",
    "od": "Steel Bahraini Dinar COM",
    "enUs": "Canadian Dollar District",
    "enAu": "Plastic",
    "pa": "Money Market Account"
  },
  "meterRating": "e-enable PCI Prairie"
}