{
  "author": {
    "defaultContent": "Home Loan Account Burgs solid state",
    "en": "Investment Account",
    "hi": "array eco-centric Credit Card Account",
    "te": "user-facing Directives bus",
    "gu": "Central seamless interface",
    "ta": "Nebraska",
    "ka": "payment",
    "mr": "firewall Intelligent Wooden Chicken facilitate",
    "it": "withdrawal",
    "ru": "Handmade Frozen Cheese Awesome Rubber Car",
    "es": "Bouvet Island (Bouvetoya) Division Rubber",
    "fr": "Mountains leading edge",
    "pt": "program value-added orchid",
    "de": "expedite Cross-platform Berkshire",
    "bn": "Bedfordshire Versatile",
    "ml": "flexibility evolve",
    "uk": "Down-sized overriding",
    "od": "visualize Central optical",
    "enUs": "transparent Small",
    "enAu": "overriding",
    "pa": "Senegal"
  },
  "quote": {
    "defaultContent": "Buckinghamshire monitor",
    "en": "Tasty Frozen Car Licensed Books & Computers",
    "hi": "Awesome Principal hacking",
    "te": "calculate",
    "gu": "circuit Auto Loan Account",
    "ta": "Forest Bedfordshire e-markets",
    "ka": "Licensed Central Analyst",
    "mr": "Frozen CSS North Carolina",
    "it": "Sao Tome and Principe IB generate",
    "ru": "neural",
    "es": "Internal",
    "fr": "transmitter Centers",
    "pt": "calculate synthesize Personal Loan Account",
    "de": "Industrial, Outdoors & Shoes Switchable architecture",
    "bn": "Generic Silver multi-state",
    "ml": "Rustic Concrete Car maroon SDD",
    "uk": "Zloty Granite",
    "od": "Soft",
    "enUs": "Steel Plastic",
    "enAu": "Outdoors grey Isle",
    "pa": "Analyst 24/365"
  },
  "tagOne": "Wooden Auto Loan Account",
  "tagTwo": "Associate Money Market Account",
  "tagThree": "Georgia transparent Underpass",
  "screen": "ADP Steel"
}