{
  "id": "31",
  "title": {
    "defaultContent": "transmitting circuit navigate",
    "en": "Plastic budgetary management Ergonomic",
    "hi": "Cambridgeshire JBOD copying",
    "te": "Manors incentivize e-services",
    "gu": "models Tasty Frozen Car Micronesia",
    "ta": "microchip",
    "ka": "navigating Malta primary",
    "mr": "Cambridgeshire International leading-edge",
    "it": "Sleek reboot auxiliary",
    "ru": "Handmade feed Norfolk Island",
    "es": "Automotive, Sports & Health Awesome system",
    "fr": "24/365 SSL Plastic",
    "pt": "digital Ergonomic Metal Chair",
    "de": "Montana Kansas",
    "bn": "red",
    "ml": "Fresh invoice value-added",
    "uk": "Unions",
    "od": "mobile Grove Bedfordshire",
    "enUs": "Frozen eyeballs Director",
    "enAu": "Sleek",
    "pa": "Gorgeous Metal Pizza"
  },
  "description": {
    "defaultContent": "deposit connecting solutions",
    "en": "bandwidth Mountains reboot",
    "hi": "lime",
    "te": "index International Bedfordshire",
    "gu": "Books Rhode Island Cambridgeshire",
    "ta": "quantifying solution high-level",
    "ka": "Internal leverage",
    "mr": "Small",
    "it": "Facilitator synthesize Electronics",
    "ru": "bluetooth generating",
    "es": "Shore deposit leading-edge",
    "fr": "Cedi bypass Product",
    "pt": "SQL Practical Cambridgeshire",
    "de": "eyeballs",
    "bn": "red Washington",
    "ml": "Public-key card",
    "uk": "Persevering technologies Sudanese Pound",
    "od": "Philippine Peso Kids overriding",
    "enUs": "Steel cross-platform",
    "enAu": "Granite moratorium redundant",
    "pa": "azure transparent"
  },
  "createdAt": "1970-01-01T00:00:25.000000797Z",
  "fromDate": "1970-01-01T00:02:28.000000596Z",
  "toDate": "1970-01-01T00:12:41.000000154Z",
  "programId": "224"
}