{
  "title": {
    "defaultContent": "Home Loan Account",
    "en": "Handcrafted Latvian Lats Practical",
    "hi": "New Mexico",
    "te": "auxiliary USB",
    "gu": "array metrics e-business",
    "ta": "1080p Unbranded Fresh Salad Beauty",
    "ka": "neural Tasty Granite Bike Barbados Dollar",
    "mr": "Handcrafted Steel Chair",
    "it": "Cayman Islands Dollar",
    "ru": "Ethiopian Birr",
    "es": "Administrator",
    "fr": "Harbors",
    "pt": "Sleek Cotton Pizza Supervisor TCP",
    "de": "Refined Rubber Chicken",
    "bn": "Frozen Eritrea Berkshire",
    "ml": "Tasty Rubber Pizza Borders Administrator",
    "uk": "Licensed Cotton Tuna tan Sleek Wooden Soap",
    "od": "Creative Cambridgeshire",
    "enUs": "transition innovate",
    "enAu": "Wooden",
    "pa": "Radial purple Avon"
  },
  "description": {
    "defaultContent": "Rustic",
    "en": "Sleek Metal Shirt parse",
    "hi": "redefine connect index",
    "te": "Awesome Wooden Tuna RSS bypass",
    "gu": "microchip",
    "ta": "Small Fresh Chicken strategy",
    "ka": "analyzer ubiquitous Borders",
    "mr": "azure",
    "it": "hub",
    "ru": "backing up extranet",
    "es": "Argentina Unbranded",
    "fr": "neural back-end",
    "pt": "Well",
    "de": "Hollow",
    "bn": "Handcrafted Wooden Car",
    "ml": "Handcrafted Plastic Gloves",
    "uk": "portals",
    "od": "morph disintermediate Future",
    "enUs": "Direct",
    "enAu": "overriding Avon Personal Loan Account",
    "pa": "Supervisor invoice Generic"
  },
  "amounts": [
    443.3222,
    301.5985
  ],
  "currency": "{{ faker.finance.currency }}",
  "country": "{{ faker.address.country }}",
  "selectedLanguage": "foreground"
}