{
  "id": "981",
  "title": {
    "defaultContent": "navigate Montenegro",
    "en": "Small",
    "hi": "mindshare",
    "te": "Borders Norway background",
    "gu": "deposit Tasty Fresh Hat productize",
    "ta": "Incredible Tactics Grenada",
    "ka": "Rue knowledge user Meadow",
    "mr": "integrate Tanzanian Shilling",
    "it": "Estates 1080p",
    "ru": "recontextualize Netherlands Antillian Guilder",
    "es": "Papua New Guinea",
    "fr": "Licensed",
    "pt": "Glen Borders Cambodia",
    "de": "Borders Gabon",
    "bn": "Legacy communities system-worthy",
    "ml": "Intelligent Port",
    "uk": "Corner hack Future",
    "od": "hack RAM",
    "enUs": "vertical",
    "enAu": "Awesome Wooden Chips infrastructures secured line",
    "pa": "seamless Gorgeous Cotton Bacon contingency"
  },
  "description": {
    "defaultContent": "Soft",
    "en": "wireless Handmade Cotton Chicken Fantastic Granite Chicken",
    "hi": "Square sky blue",
    "te": "Generic",
    "gu": "enable",
    "ta": "applications Incredible vortals",
    "ka": "Handcrafted Pakistan Rupee Cambridgeshire",
    "mr": "Som",
    "it": "SMS UAE Dirham",
    "ru": "fault-tolerant Indiana",
    "es": "e-services hacking Grocery, Beauty & Industrial",
    "fr": "Future-proofed Tools & Tools cultivate",
    "pt": "dynamic protocol Vision-oriented",
    "de": "functionalities Dynamic Representative",
    "bn": "enterprise invoice Licensed",
    "ml": "Money Market Account integrated",
    "uk": "Refined Rubber Towels",
    "od": "Metal",
    "enUs": "Assimilated Books, Movies & Toys Configuration",
    "enAu": "programming Architect",
    "pa": "Berkshire invoice Locks"
  },
  "createdAt": "1970-01-01T00:02:37.000000218Z",
  "fromDate": "1970-01-01T00:09:17.000000916Z",
  "toDate": "1970-01-01T00:04:47.000000533Z",
  "programTopicName": "Baby hacking"
}