{
  "id": "458",
  "title": {
    "defaultContent": "Frozen collaborative",
    "en": "Christmas Island FTP",
    "hi": "web services utilisation",
    "te": "leverage",
    "gu": "Wisconsin incentivize",
    "ta": "Checking Account Communications",
    "ka": "Handmade Plastic Ball COM Jewelery & Kids",
    "mr": "Borders maximize Response",
    "it": "Games",
    "ru": "ivory executive backing up",
    "es": "calculating bypass Village",
    "fr": "revolutionize",
    "pt": "Health & Shoes bandwidth supply-chains",
    "de": "Tasty",
    "bn": "SMTP seamless Latvia",
    "ml": "port Estate leading edge",
    "uk": "granular",
    "od": "Tasty Cotton Tuna",
    "enUs": "Money Market Account",
    "enAu": "overriding matrix",
    "pa": "Program streamline orchid"
  },
  "description": {
    "defaultContent": "Utah",
    "en": "overriding withdrawal",
    "hi": "Usability Internal",
    "te": "Usability",
    "gu": "Silver",
    "ta": "experiences Heard Island and McDonald Islands",
    "ka": "communities",
    "mr": "protocol",
    "it": "generating",
    "ru": "Implementation 1080p interactive",
    "es": "Unbranded Fresh Ball Bedfordshire well-modulated",
    "fr": "infomediaries",
    "pt": "Danish Krone 1080p Dynamic",
    "de": "Kentucky vortals Algerian Dinar",
    "bn": "middleware firewall Grocery & Outdoors",
    "ml": "Brunei Dollar wireless",
    "uk": "Granite invoice",
    "od": "Islands website",
    "enUs": "Frozen reinvent",
    "enAu": "Jewelery & Clothing red",
    "pa": "niches"
  },
  "url": {
    "defaultContent": "disintermediate architect mesh",
    "en": "Home & Toys even-keeled",
    "hi": "magenta Buckinghamshire",
    "te": "context-sensitive zero tolerance",
    "gu": "generating",
    "ta": "navigating Peso Uruguayo Auto Loan Account",
    "ka": "Unbranded Frozen Hat invoice Grenada",
    "mr": "synthesize District",
    "it": "web services salmon",
    "ru": "Fantastic Web IB",
    "es": "Checking Account",
    "fr": "backing up Director payment",
    "pt": "Mountain Fantastic",
    "de": "transitional",
    "bn": "Bedfordshire",
    "ml": "Freeway Cotton",
    "uk": "Face to face Metrics payment",
    "od": "Sleek Metal Bacon Advanced",
    "enUs": "digital",
    "enAu": "microchip Movies & Garden streamline",
    "pa": "extensible Developer"
  },
  "scheduleAt": "1970-01-01T00:05:15.000000126Z",
  "createdAt": "1970-01-01T00:05:45.000000492Z",
  "modifiedAt": "1970-01-01T00:01:40.000000221Z",
  "taskActivityType": "PRAYER",
  "userAction": "modular",
  "isPublished": true,
  "programId": "853"
}