{
  "id": "23",
  "campaignId": "444",
  "channel": "UNKNOWN_CHANNEL",
  "template": {
    "defaultContent": "Lights",
    "en": "Object-based Beauty, Music & Games",
    "hi": "killer",
    "te": "Gorgeous Concrete Cheese",
    "gu": "contextually-based architecture circuit",
    "ta": "Course",
    "ka": "Decentralized Avon Refined Cotton Pizza",
    "mr": "International Alaska Idaho",
    "it": "Granite Generic Granite Chips",
    "ru": "hack Unbranded Buckinghamshire",
    "es": "interface Movies",
    "fr": "back-end wireless Balboa",
    "pt": "Florida payment",
    "de": "magenta RSS",
    "bn": "Kids, Grocery & Outdoors",
    "ml": "1080p back up Consultant",
    "uk": "Ergonomic Fresh",
    "od": "navigate",
    "enUs": "Vision-oriented Home, Sports & Jewelery",
    "enAu": "real-time",
    "pa": "real-time encryption"
  },
  "day": 327,
  "deepLink": "Pennsylvania SQL Chief",
  "notificationTitle": {
    "defaultContent": "Bridge Buckinghamshire",
    "en": "IB Savings Account",
    "hi": "Architect leading-edge navigating",
    "te": "Specialist pixel",
    "gu": "matrix zero defect Borders",
    "ta": "port Fantastic Granite Tuna",
    "ka": "Ergonomic Metal Computer Unbranded Steel Shirt Manager",
    "mr": "functionalities Refined Plastic Shoes Credit Card Account",
    "it": "holistic Buckinghamshire",
    "ru": "compress Forward Colorado",
    "es": "engineer",
    "fr": "1080p Australia XSS",
    "pt": "Personal Loan Account Kentucky",
    "de": "Bangladesh",
    "bn": "Toys",
    "ml": "Pass Personal Loan Account",
    "uk": "Credit Card Account",
    "od": "Club",
    "enUs": "monetize payment Well",
    "enAu": "Engineer Clothing & Kids",
    "pa": "Norfolk Island Brand architectures"
  },
  "screenName": "deposit emulation JSON"
}