{
  "id": "696",
  "title": {
    "defaultContent": "open-source",
    "en": "Human Gorgeous Metal Pizza",
    "hi": "Practical Plastic Pizza Sleek Plastic Car green",
    "te": "generating",
    "gu": "white Colorado Checking Account",
    "ta": "killer",
    "ka": "calculating",
    "mr": "Operations primary Accountability",
    "it": "Greens Organic cyan",
    "ru": "Rustic Metal Sausages New Hampshire",
    "es": "Connecticut recontextualize needs-based",
    "fr": "withdrawal",
    "pt": "Licensed Metal Keyboard Beauty, Movies & Automotive Bond Markets Units European Composite Unit (EURCO)",
    "de": "Gorgeous Cotton Soap Pakistan Rupee Practical Plastic Computer",
    "bn": "Multi-lateral application bus",
    "ml": "Multi-layered Intelligent Frozen Table",
    "uk": "Ergonomic Metal Mouse Operations",
    "od": "SMTP",
    "enUs": "RSS Functionality",
    "enAu": "redefine Kansas hard drive",
    "pa": "Generic Granite Pizza Networked"
  },
  "description": {
    "defaultContent": "Plastic frictionless IB",
    "en": "Plastic target",
    "hi": "parsing",
    "te": "strategic",
    "gu": "parsing Creek",
    "ta": "Springs back up",
    "ka": "Gorgeous Fresh Gloves",
    "mr": "static whiteboard Consultant",
    "it": "deposit",
    "ru": "methodical",
    "es": "payment purple",
    "fr": "West Virginia Dynamic",
    "pt": "deposit International",
    "de": "deposit",
    "bn": "Tasty Metal Towels Paradigm Lead",
    "ml": "TCP Tasty Licensed",
    "uk": "Rustic Granite Bacon",
    "od": "Generic 1080p",
    "enUs": "Investment Account harness",
    "enAu": "mobile Grass-roots French Guiana",
    "pa": "Fantastic backing up solution-oriented"
  },
  "isActive": false,
  "listOfDays": [
    237,
    395
  ],
  "donationPeriod": 193
}