{
  "scheduleV2": {
    "goalID": "76",
    "userID": "150",
    "goalCategory": "PURPOSEFUL_MEDITATION",
    "selectedDateAndTimeWithCalendarEvent": [
      {
        "selectedDateAndTime": "1970-01-01T00:08:26.000000510Z",
        "calendarEventId": "{{ faker.random.uuid }}",
        "durationMinutes": 539,
        "completedStatus": false,
        "startTime": "1970-01-01T00:13:57.000000026Z"
      },
      {
        "selectedDateAndTime": "1970-01-01T00:16:08.000000370Z",
        "calendarEventId": "{{ faker.random.uuid }}",
        "durationMinutes": 329,
        "completedStatus": false,
        "startTime": "1970-01-01T00:07:40.000000502Z"
      }
    ],
    "selectedLanguage": "TE",
    "hfn": false,
    "todaySeconds": "11"
  },
  "goalDetails": {
    "title": {
      "defaultContent": "Credit Card Account Tasty Frozen Chips",
      "en": "Central back-end connect",
      "hi": "Ergonomic Granite Hat San Marino Associate",
      "te": "Ergonomic Generic Granite Shirt",
      "gu": "turn-key payment ADP",
      "ta": "dot-com web-readiness",
      "ka": "visionary programming",
      "mr": "sky blue utilize Games & Grocery",
      "it": "Street",
      "ru": "emulation",
      "es": "Reduced Marketing",
      "fr": "eyeballs",
      "pt": "forecast",
      "de": "generating",
      "bn": "Unbranded Frozen Shoes",
      "ml": "Thailand",
      "uk": "Markets interactive",
      "od": "e-business Directives",
      "enUs": "deposit archive",
      "enAu": "interfaces",
      "pa": "Island robust Cambridgeshire"
    },
    "description": {
      "defaultContent": "Cross-group",
      "en": "Concrete",
      "hi": "intuitive withdrawal Avon",
      "te": "Cotton Forward",
      "gu": "yellow deposit",
      "ta": "Wooden human-resource mission-critical",
      "ka": "payment primary Summit",
      "mr": "Rustic Rubber Tuna",
      "it": "dot-com Rubber Ohio",
      "ru": "Drive Profit-focused Guernsey",
      "es": "CSS Intelligent Soft Keyboard application",
      "fr": "Buckinghamshire",
      "pt": "withdrawal hack",
      "de": "black Face to face Integrated",
      "bn": "innovate hybrid Park",
      "ml": "Bedfordshire",
      "uk": "Specialist",
      "od": "Unbranded Metal Sausages",
      "enUs": "synthesize focus group Metal",
      "enAu": "Buckinghamshire algorithm Wisconsin",
      "pa": "withdrawal initiative local area network"
    },
    "requiredTimes": 925,
    "requiredDays": 404,
    "goalCategory": "UNKNOWN_GOAL_TYPE",
    "associatedBadgeID": "633",
    "badgeCount": 169,
    "duration": 251,
    "requiredIDs": [
      "665",
      "867"
    ],
    "publishGoal": true,
    "meditationCategory": "ANY_MEDITATION",
    "userId": "111",
    "selectedLanguage": "TE",
    "goalTitle": "compressing",
    "goalDescription": "navigate sensor Health, Baby & Clothing"
  }
}