{
  "id": "193",
  "title": {
    "defaultContent": "Web Sleek Metal Chicken Creative",
    "en": "connecting Investment Account Delaware",
    "hi": "Checking Account Small",
    "te": "Chief Berkshire",
    "gu": "matrix Handmade Granite Gloves",
    "ta": "Borders",
    "ka": "Fresh",
    "mr": "transmit",
    "it": "incentivize",
    "ru": "Wooden",
    "es": "Fantastic Fresh Shirt Handcrafted Granite Mouse calculate",
    "fr": "Tasty Soft Keyboard calculate",
    "pt": "Ranch",
    "de": "Cambridgeshire interfaces Cotton",
    "bn": "Personal Loan Account cross-platform",
    "ml": "GB",
    "uk": "local Mount Won",
    "od": "Identity connect",
    "enUs": "open-source",
    "enAu": "Awesome",
    "pa": "Investment Account Program"
  },
  "description": {
    "defaultContent": "Lakes",
    "en": "transmitter reinvent",
    "hi": "encompassing",
    "te": "SMS",
    "gu": "CSS",
    "ta": "Heights Automotive withdrawal",
    "ka": "Argentine Peso Persevering Face to face",
    "mr": "orchestrate",
    "it": "contextually-based Markets",
    "ru": "white",
    "es": "overriding Refined Cotton Pants",
    "fr": "discrete Tunnel",
    "pt": "matrix Handmade",
    "de": "Parks Functionality Mall",
    "bn": "Direct Movies Coordinator",
    "ml": "Configuration bluetooth global",
    "uk": "Intranet",
    "od": "Savings Account transmitter Personal Loan Account",
    "enUs": "technologies neutral Intuitive",
    "enAu": "Knoll port",
    "pa": "Danish Krone Hollow scale"
  },
  "isActive": false,
  "listOfDays": [
    456,
    61
  ],
  "donationPeriod": 807
}