{
  "id": "816",
  "meditationType": "MEDITATE_ANY_RECORDED_CONTENT",
  "startDate": "1970-01-01T00:02:15.000000729Z",
  "endDate": "1970-01-01T00:02:33.000000943Z",
  "playCount": "380",
  "pauseCount": "457",
  "totalSeconds": "436",
  "completedPercentage": 318,
  "userId": "392",
  "meditationId": "140",
  "liveSessionId": "866",
  "userActivity": "UNKNOWN_ACTIVITY",
  "logMeditationType": "EXTERNAL_APP",
  "meditationCategory": "GUIDANCE_MEDITATION",
  "selectedLanguage": "KA",
  "badgeId": "900",
  "badgeCount": 809,
  "startOfDay": "1970-01-01T00:02:06.000000808Z",
  "endOfDay": "1970-01-01T00:13:55.000000187Z",
  "goalId": "910"
}