{
  "goalID": "102",
  "userID": "379",
  "goalCategory": "LIVE_MEDITATION_GOAL",
  "selectedDateAndTimeWithCalendarEvent": [
    {
      "selectedDateAndTime": "1970-01-01T00:10:54.000000985Z",
      "calendarEventId": "{{ faker.random.uuid }}",
      "durationMinutes": 284,
      "completedStatus": true,
      "startTime": "1970-01-01T00:03:05.000000492Z"
    },
    {
      "selectedDateAndTime": "1970-01-01T00:01:05.000000076Z",
      "calendarEventId": "{{ faker.random.uuid }}",
      "durationMinutes": 584,
      "completedStatus": false,
      "startTime": "1970-01-01T00:09:08.000000088Z"
    }
  ],
  "selectedLanguage": "EN",
  "hfn": false,
  "todaySeconds": "828"
}