{
  "id": "486",
  "FAQs": {
    "defaultContent": "haptic",
    "en": "customer loyalty hack Group",
    "hi": "Wooden",
    "te": "Cambridgeshire optical generating",
    "gu": "Money Market Account Spring Unbranded Frozen Shoes",
    "ta": "quantifying",
    "ka": "cyan Views Garden, Home & Automotive",
    "mr": "bus",
    "it": "morph Small",
    "ru": "JBOD Outdoors",
    "es": "global",
    "fr": "Underpass Rubber Computers & Beauty",
    "pt": "Practical Granite Keyboard",
    "de": "Buckinghamshire",
    "bn": "Burg ADP Customer-focused",
    "ml": "Track vertical",
    "uk": "olive",
    "od": "whiteboard",
    "enUs": "Handcrafted Legacy",
    "enAu": "Business-focused Gorgeous Frozen Gloves",
    "pa": "web-readiness Fully-configurable"
  },
  "FAQsAnswers": {
    "defaultContent": "Optional Developer modular",
    "en": "Human",
    "hi": "functionalities Creative",
    "te": "open-source methodologies",
    "gu": "coherent Gorgeous system",
    "ta": "model quantifying",
    "ka": "Investment Account Games, Garden & Jewelery unleash",
    "mr": "FTP Rue Borders",
    "it": "Data Fantastic",
    "ru": "human-resource Forward",
    "es": "Indiana THX",
    "fr": "Functionality payment Senior",
    "pt": "generate parsing bi-directional",
    "de": "Handmade Metal Mouse Health",
    "bn": "deposit ADP",
    "ml": "fault-tolerant",
    "uk": "Buckinghamshire New Mexico",
    "od": "protocol IB Avenue",
    "enUs": "visionary HDD markets",
    "enAu": "communities bandwidth",
    "pa": "cross-media complexity Generic"
  },
  "screen": "support",
  "selectedScreen": "HOME_SCREEN"
}