{
  "id": "588",
  "title": {
    "defaultContent": "Legacy Mount",
    "en": "Sleek Cotton Computer",
    "hi": "primary Roads",
    "te": "Creative Secured",
    "gu": "Savings Account Programmable",
    "ta": "Small Soft Chair web-enabled",
    "ka": "Mill",
    "mr": "Outdoors & Home Communications access",
    "it": "Multi-lateral",
    "ru": "Credit Card Account",
    "es": "Cotton Home Loan Account bypassing",
    "fr": "Practical Soft Gloves Clothing, Health & Toys",
    "pt": "index Human",
    "de": "Refined",
    "bn": "Director",
    "ml": "needs-based",
    "uk": "Rhode Island",
    "od": "virtual plum applications",
    "enUs": "Highway reinvent",
    "enAu": "Generic Metal Shirt cyan",
    "pa": "navigate Nevada"
  },
  "description": {
    "defaultContent": "bluetooth Island",
    "en": "Home Loan Account Small Frozen Shoes",
    "hi": "port Decentralized",
    "te": "Fantastic Rubber Bacon Ports",
    "gu": "Illinois eyeballs Home, Games & Outdoors",
    "ta": "quantifying motivating repurpose",
    "ka": "synergize Burundi Franc Cambridgeshire",
    "mr": "SDD",
    "it": "Home Loan Account Armenian Dram uniform",
    "ru": "interface frame SDR",
    "es": "Program Investment Account",
    "fr": "Representative intangible Reverse-engineered",
    "pt": "Garden & Kids Buckinghamshire",
    "de": "regional Cotton driver",
    "bn": "Village Tunnel JSON",
    "ml": "Refined Plastic Table Vista",
    "uk": "Orchard Integration Checking Account",
    "od": "granular navigating",
    "enUs": "Communications access",
    "enAu": "Bouvet Island (Bouvetoya)",
    "pa": "Dynamic background"
  },
  "url": {
    "defaultContent": "Awesome Wooden Computer 24/365",
    "en": "Industrial & Baby",
    "hi": "Personal Loan Account Wooden index",
    "te": "Personal Loan Account",
    "gu": "Azerbaijanian Manat Zambian Kwacha",
    "ta": "Markets haptic Coordinator",
    "ka": "engineer maroon",
    "mr": "Iowa Massachusetts",
    "it": "synergies Industrial Central",
    "ru": "Plastic Investment Account PCI",
    "es": "Accounts channels",
    "fr": "Falkland Islands (Malvinas) matrix",
    "pt": "system Naira",
    "de": "Orchard Home Loan Account Integrated",
    "bn": "EXE Lodge",
    "ml": "Centers",
    "uk": "Inlet Sleek Plastic Pants optical",
    "od": "value-added",
    "enUs": "Practical Fresh Towels Integration",
    "enAu": "Global",
    "pa": "global"
  },
  "scheduleAt": "1970-01-01T00:08:22.000000672Z",
  "createdAt": "1970-01-01T00:16:20.000000513Z",
  "modifiedAt": "1970-01-01T00:09:14.000000277Z",
  "taskActivityType": "PRAYER",
  "userAction": "e-commerce International parsing",
  "isPublished": true,
  "programId": "262"
}