{
  "id": "182",
  "campaignId": "651",
  "channel": "EMAIL_ADDRESS",
  "template": {
    "defaultContent": "Architect",
    "en": "Virginia niches",
    "hi": "Borders Infrastructure",
    "te": "XSS contextually-based Cotton",
    "gu": "Virginia Wooden morph",
    "ta": "Sri Lanka Rupee withdrawal",
    "ka": "networks",
    "mr": "United States of America Handcrafted Fresh Shirt",
    "it": "tertiary",
    "ru": "Home Loan Account Practical Fresh Hat Data",
    "es": "Electronics, Health & Automotive",
    "fr": "Intelligent Rubber Table",
    "pt": "Practical Cotton Chicken Facilitator",
    "de": "XSS Incredible Fresh Shoes web-enabled",
    "bn": "Isle Unbranded",
    "ml": "zero tolerance Walks",
    "uk": "relationships Generic Frozen Hat Belarussian Ruble",
    "od": "XSS",
    "enUs": "Land",
    "enAu": "Dominican Peso United Arab Emirates Sports",
    "pa": "Handcrafted Cotton Computer"
  },
  "day": 248,
  "deepLink": "Congo Factors",
  "notificationTitle": {
    "defaultContent": "Up-sized Money Market Account",
    "en": "harness feed",
    "hi": "Plaza",
    "te": "pink Islands",
    "gu": "Buckinghamshire Practical Soft Car Cambridgeshire",
    "ta": "Virginia",
    "ka": "generating",
    "mr": "Mountains Supervisor hack",
    "it": "Ferry",
    "ru": "out-of-the-box ADP",
    "es": "Palau",
    "fr": "Reduced mint green Metrics",
    "pt": "Oman Ergonomic",
    "de": "Barbados",
    "bn": "Coordinator Optional Falkland Islands (Malvinas)",
    "ml": "Facilitator Avon French Southern Territories",
    "uk": "Bedfordshire invoice",
    "od": "Som withdrawal Intelligent Granite Fish",
    "enUs": "Operative Bangladesh Division",
    "enAu": "solid state",
    "pa": "e-markets"
  },
  "screenName": "reboot Borders Refined Soft Pants"
}