{
  "id": "978",
  "title": {
    "defaultContent": "synthesize Integration Sleek Cotton Table",
    "en": "withdrawal",
    "hi": "GB compressing",
    "te": "Open-architected European Unit of Account 9(E.U.A.-9) e-tailers",
    "gu": "Meadow deposit",
    "ta": "reboot Awesome",
    "ka": "Global",
    "mr": "JBOD Tonga",
    "it": "zero administration disintermediate",
    "ru": "Fantastic Metal Shoes red",
    "es": "action-items implement Unbranded",
    "fr": "deliverables Advanced hybrid",
    "pt": "Investment Account",
    "de": "Clothing & Outdoors",
    "bn": "Sharable",
    "ml": "Soft platforms Incredible Rubber Chair",
    "uk": "Incredible Optimization New Zealand",
    "od": "Handcrafted Steel Mouse Industrial, Movies & Sports",
    "enUs": "e-services",
    "enAu": "incentivize Euro",
    "pa": "programming Incredible Plastic Gloves"
  },
  "subtitle": {
    "defaultContent": "connect Programmable",
    "en": "sky blue",
    "hi": "Checking Account",
    "te": "Extensions Intranet",
    "gu": "Ergonomic Frozen Bacon Tactics",
    "ta": "mission-critical",
    "ka": "Analyst",
    "mr": "Cambridgeshire Alabama firmware",
    "it": "Optional",
    "ru": "Saint Lucia supply-chains concept",
    "es": "generate XSS",
    "fr": "Sleek",
    "pt": "Tala FTP Berkshire",
    "de": "Phased",
    "bn": "Generic Cotton Shirt sensor",
    "ml": "Awesome",
    "uk": "Pines capacitor",
    "od": "Bridge Wooden",
    "enUs": "Tajikistan",
    "enAu": "bypassing",
    "pa": "Rustic 1080p"
  },
  "author": {
    "defaultContent": "Handcrafted Global",
    "en": "Unbranded Fresh Computer",
    "hi": "e-business",
    "te": "Savings Account",
    "gu": "infrastructures",
    "ta": "withdrawal Generic",
    "ka": "Generic Granite Bike Malaysian Ringgit",
    "mr": "Soft feed Croatian Kuna",
    "it": "Incredible Metal Fish",
    "ru": "niches Handmade Plastic Bacon",
    "es": "mindshare",
    "fr": "Avon Ergonomic solid state",
    "pt": "matrix Kentucky",
    "de": "redundant District",
    "bn": "bypassing Illinois Cambridgeshire",
    "ml": "Berkshire magenta",
    "uk": "red",
    "od": "open-source tan",
    "enUs": "online Wisconsin neutral",
    "enAu": "deliver turn-key Handmade Steel Chicken",
    "pa": "Brooks Handcrafted Metal Chips"
  },
  "content": {
    "defaultContent": "back-end Handcrafted",
    "en": "Home Loan Account",
    "hi": "Directives systems Ergonomic Soft Pants",
    "te": "mobile Engineer",
    "gu": "application",
    "ta": "Myanmar Small Plastic Hat",
    "ka": "Generic Metal Shirt Wisconsin",
    "mr": "Ergonomic Frozen Towels Specialist Facilitator",
    "it": "Checking Account",
    "ru": "deposit back-end software",
    "es": "interface",
    "fr": "Zambia incubate",
    "pt": "Intelligent Soft Table",
    "de": "Practical withdrawal",
    "bn": "Track Haven",
    "ml": "Kentucky Steel",
    "uk": "Jordan Incredible",
    "od": "Plains Balboa portal",
    "enUs": "Incredible Steel Gloves Handmade Plastic Pizza intermediate",
    "enAu": "Orchestrator Unbranded",
    "pa": "enterprise Colorado"
  },
  "image": "Refined Missouri",
  "readingTime": 506,
  "createdAt": "1970-01-01T00:00:31.000000465Z",
  "modifiedAt": "1970-01-01T00:07:49.000000314Z",
  "tag": "Coordinator New York Mayotte",
  "webViewUrl": "Games & Jewelery Small",
  "contentCategory": "ARTICLE",
  "videoUrl": {
    "defaultContent": "Berkshire",
    "en": "HDD Data",
    "hi": "Corporate withdrawal",
    "te": "back-end quantify grey",
    "gu": "Bermuda",
    "ta": "Ohio",
    "ka": "Tasty Track",
    "mr": "hardware reboot",
    "it": "web-readiness Consultant Investor",
    "ru": "Designer Industrial, Garden & Kids",
    "es": "Danish Krone Electronics next-generation",
    "fr": "Home Loan Account circuit",
    "pt": "efficient",
    "de": "Small Granite Sausages",
    "bn": "Associate Comoros",
    "ml": "deposit Baby & Baby",
    "uk": "capacitor",
    "od": "deliver copy",
    "enUs": "Automotive, Automotive & Outdoors blue",
    "enAu": "Cambodia Kiribati",
    "pa": "invoice payment"
  },
  "featureImage": "capacitor context-sensitive",
  "thumbnail": "Handmade Fresh Sausages",
  "videoCategory": "ALL_VIDEOS",
  "featuredContent": "ALL_CONTENT",
  "filterIds": [
    "99",
    "251"
  ],
  "discover": "RESOURCES",
  "tags": [
    {
      "id": "962",
      "name": "{{ faker.name.last_name }}"
    },
    {
      "id": "268",
      "name": "{{ faker.name.last_name }}"
    }
  ],
  "tagIds": [
    "985",
    "409"
  ],
  "documentCategory": "ANXIETY",
  "pdfUrl": "AGP",
  "attribute": {
    "defaultContent": "quantifying Refined Metal Shirt",
    "en": "red back-end Electronics",
    "hi": "benchmark alarm",
    "te": "Bedfordshire",
    "gu": "calculate",
    "ta": "Hawaii Soft Identity",
    "ka": "Saint Helena Pound",
    "mr": "Money Market Account",
    "it": "Awesome Wooden Keyboard",
    "ru": "orchestrate FTP",
    "es": "Concrete",
    "fr": "overriding Zloty",
    "pt": "Down-sized Idaho",
    "de": "Principal",
    "bn": "Future-proofed circuit solid state",
    "ml": "Extension Incredible Concrete Fish Gorgeous Soft Ball",
    "uk": "withdrawal Product",
    "od": "Fiji Borders",
    "enUs": "withdrawal Hills transparent",
    "enAu": "parsing Dynamic",
    "pa": "Buckinghamshire ivory Tools, Jewelery & Electronics"
  }
}