{
  "id": "747",
  "days": 210,
  "durationLimitInDays": 348,
  "typeOfMeditationAssociated": "MEDITATE_WITH_OFFLINE",
  "associatedBadgeID": "172",
  "title": {
    "defaultContent": "Turnpike",
    "en": "Bond Markets Units European Composite Unit (EURCO) Union",
    "hi": "Small Facilitator empowering",
    "te": "Refined Plastic Chair transmitting Computers, Health & Toys",
    "gu": "navigating",
    "ta": "Manager Metal",
    "ka": "Handmade Rubber Towels olive invoice",
    "mr": "Auto Loan Account Square",
    "it": "Massachusetts",
    "ru": "framework",
    "es": "content function evolve",
    "fr": "Mews focus group",
    "pt": "bypassing",
    "de": "De-engineered evolve secured line",
    "bn": "Data",
    "ml": "Grocery",
    "uk": "Credit Card Account Liaison",
    "od": "Tactics Functionality AGP",
    "enUs": "Buckinghamshire",
    "enAu": "bandwidth copying quantifying",
    "pa": "magenta Down-sized"
  },
  "subTitle": {
    "defaultContent": "Sleek Cotton Table e-services",
    "en": "Handcrafted Steel Shirt Generic non-volatile",
    "hi": "Unbranded",
    "te": "XSS Port Alaska",
    "gu": "Legacy Devolved",
    "ta": "array",
    "ka": "digital Liechtenstein Group",
    "mr": "Architect",
    "it": "Small Fresh Mouse Auto Loan Account",
    "ru": "Mayotte program Horizontal",
    "es": "generate implement Walks",
    "fr": "Marketing",
    "pt": "yellow Technician",
    "de": "TCP SMS Lane",
    "bn": "portals",
    "ml": "visionary Gardens",
    "uk": "invoice logistical",
    "od": "cyan",
    "enUs": "real-time",
    "enAu": "Cross-platform Ergonomic",
    "pa": "application brand"
  },
  "badgeCount": 647,
  "expiryDays": 296
}