{
  "id": "553",
  "title": {
    "defaultContent": "green seamless web services",
    "en": "Home Loan Account Loop Directives",
    "hi": "Sports Gorgeous Steel Shirt",
    "te": "deposit Buckinghamshire protocol",
    "gu": "Internal Director global",
    "ta": "Program deposit",
    "ka": "full-range Row secured line",
    "mr": "Executive",
    "it": "methodology Costa Rican Colon Harbor",
    "ru": "Practical",
    "es": "neural Swaziland Steel",
    "fr": "Pula Pennsylvania Identity",
    "pt": "purple Buckinghamshire Summit",
    "de": "Bond Markets Units European Composite Unit (EURCO) program",
    "bn": "Customer bleeding-edge synergistic",
    "ml": "wireless hacking",
    "uk": "Soft solution transparent",
    "od": "Hills",
    "enUs": "Mews scalable",
    "enAu": "Fresh",
    "pa": "Savings Account Western Sahara"
  },
  "description": {
    "defaultContent": "Interactions",
    "en": "Romania",
    "hi": "Games & Health even-keeled Colombian Peso",
    "te": "Crossroad",
    "gu": "Kiribati Canada leading edge",
    "ta": "Fantastic Steel Car Music, Jewelery & Baby",
    "ka": "Investment Account withdrawal",
    "mr": "exploit visionary calculating",
    "it": "reboot Fantastic",
    "ru": "Borders",
    "es": "capacity",
    "fr": "Unbranded Fresh Gloves",
    "pt": "bandwidth Mews Chile",
    "de": "Regional",
    "bn": "Locks Roads",
    "ml": "optimize",
    "uk": "flexibility",
    "od": "deposit synergize support",
    "enUs": "deposit Canadian Dollar Buckinghamshire",
    "enAu": "Vista Camp",
    "pa": "real-time Brooks generating"
  },
  "meterRating": "Investment Account"
}