{
  "id": "131",
  "meditationType": "MEDITATE_WITH_OFFLINE",
  "startDate": "1970-01-01T00:07:22.000000113Z",
  "endDate": "1970-01-01T00:14:55.000000080Z",
  "playCount": "910",
  "pauseCount": "520",
  "totalSeconds": "133",
  "completedPercentage": 4,
  "userId": "410",
  "meditationId": "629",
  "liveSessionId": "48",
  "userActivity": "DONATION_MADE_ACTIVITY",
  "logMeditationType": "EXTERNAL_APP",
  "meditationCategory": "GUIDANCE_MEDITATION",
  "selectedLanguage": "IT",
  "badgeId": "738",
  "badgeCount": 924,
  "startOfDay": "1970-01-01T00:07:52.000000477Z",
  "endOfDay": "1970-01-01T00:08:31.000000662Z",
  "goalId": "426"
}