{
  "id": "492",
  "name": {
    "defaultContent": "Marketing payment Western Sahara",
    "en": "Designer cross-platform Walk",
    "hi": "service-desk Checking Account Dynamic",
    "te": "Morocco Coordinator turn-key",
    "gu": "drive Interactions Home Loan Account",
    "ta": "salmon Granite Global",
    "ka": "grid-enabled Mountain Handcrafted Plastic Chicken",
    "mr": "homogeneous",
    "it": "deposit Swiss Franc",
    "ru": "programming productize Dobra",
    "es": "bypassing",
    "fr": "bricks-and-clicks Turkish Lira Reactive",
    "pt": "program",
    "de": "non-volatile",
    "bn": "deposit Baby, Toys & Home",
    "ml": "leverage silver Rial Omani",
    "uk": "Investment Account",
    "od": "Legacy Common",
    "enUs": "Plaza Cambridgeshire",
    "enAu": "Trail Home Loan Account Universal",
    "pa": "Wooden"
  },
  "associatedColor": "Light monitor",
  "moodType": "UNKNOWN_MOOD_TYPE"
}