{
  "id": "131",
  "title": {
    "defaultContent": "Course firewall",
    "en": "copying",
    "hi": "THX",
    "te": "demand-driven",
    "gu": "hard drive Refined Cotton Pizza",
    "ta": "FTP architectures",
    "ka": "enhance Intelligent Fresh Car",
    "mr": "Maryland calculate Keys",
    "it": "programming",
    "ru": "transmitter Fantastic SMTP",
    "es": "Investor",
    "fr": "matrix New Israeli Sheqel sensor",
    "pt": "Officer",
    "de": "Human Kenya",
    "bn": "Refined Concrete Shoes haptic Profound",
    "ml": "redundant benchmark Pennsylvania",
    "uk": "Equatorial Guinea",
    "od": "Savings Account Sleek Wooden Chair",
    "enUs": "Viaduct Azerbaijan",
    "enAu": "bleeding-edge GB",
    "pa": "Robust Berkshire IB"
  },
  "description": {
    "defaultContent": "Bedfordshire Cambridgeshire",
    "en": "Cambridgeshire Cambridgeshire Dynamic",
    "hi": "solid state envisioneer Configuration",
    "te": "bypass Russian Federation",
    "gu": "Fantastic Metal Gloves Berkshire 5th generation",
    "ta": "Web feed",
    "ka": "Concrete Agent Engineer",
    "mr": "Crossroad",
    "it": "bandwidth Corner visualize",
    "ru": "Fantastic Netherlands Antillian Guilder",
    "es": "transmitting digital Investment Account",
    "fr": "Architect",
    "pt": "Somoni Cambridgeshire Program",
    "de": "plum niches",
    "bn": "Analyst utilize",
    "ml": "software",
    "uk": "Fantastic Wooden Bacon Handmade Fresh Soap",
    "od": "archive Fully-configurable",
    "enUs": "salmon Intelligent Plastic Keyboard overriding",
    "enAu": "user-centric Investment Account panel",
    "pa": "Tools, Automotive & Garden"
  },
  "requiredTimes": 271,
  "requiredDays": 489,
  "goalCategory": "SHARE_LIVE_MEDITATION",
  "associatedBadgeID": "512",
  "badgeCount": 572,
  "duration": 831,
  "requiredIDs": [
    "482",
    "656"
  ],
  "meditationCategory": "CLEANING_MEDITATION",
  "publishGoal": true,
  "badgeWithCount": [
    {
      "id": "425",
      "icon": "attitude-oriented embrace",
      "badgeColor": "Way Lesotho",
      "badgeCount": 90
    },
    {
      "id": "215",
      "icon": "strategic",
      "badgeColor": "Cambridgeshire Ergonomic Metal Chips",
      "badgeCount": 372
    }
  ]
}