{
  "id": "823",
  "tiggerName": {
    "defaultContent": "Central mobile Fantastic Concrete Keyboard",
    "en": "Industrial & Computers optical",
    "hi": "Coordinator architecture Spurs",
    "te": "evolve Internal Kenya",
    "gu": "deposit Response Cambridgeshire",
    "ta": "index",
    "ka": "disintermediate",
    "mr": "Customer Handcrafted Granite Hat Crest",
    "it": "Incredible Soft Mouse",
    "ru": "Engineer",
    "es": "Research",
    "fr": "SQL",
    "pt": "Licensed Rubber Gloves calculate",
    "de": "USB",
    "bn": "Cotton approach background",
    "ml": "invoice",
    "uk": "Incredible Steel Bike",
    "od": "Home, Automotive & Kids microchip",
    "enUs": "homogeneous",
    "enAu": "parse Handcrafted Concrete Mouse",
    "pa": "red Avon"
  },
  "emojiUrl": "Handcrafted"
}