{
  "id": "438",
  "title": {
    "defaultContent": "Progressive",
    "en": "Unbranded",
    "hi": "Berkshire primary",
    "te": "sticky Savings Account Legacy",
    "gu": "Branch bandwidth",
    "ta": "Kansas alarm",
    "ka": "Honduras Islands",
    "mr": "Well Investment Account",
    "it": "Licensed Cotton Hat XSS Wyoming",
    "ru": "visionary",
    "es": "PNG Monitored",
    "fr": "Frozen",
    "pt": "Assistant Alaska Outdoors, Toys & Automotive",
    "de": "Bedfordshire",
    "bn": "alarm Home Loan Account",
    "ml": "New Hampshire",
    "uk": "Versatile clicks-and-mortar Incredible Cotton Chair",
    "od": "Communications",
    "enUs": "indexing teal Personal Loan Account",
    "enAu": "Handcrafted Frozen Soap",
    "pa": "Data"
  },
  "description": {
    "defaultContent": "Investor Future",
    "en": "Awesome Granite Table",
    "hi": "Buckinghamshire Metal",
    "te": "visualize",
    "gu": "lavender",
    "ta": "Forward Operative",
    "ka": "Glen global Knoll",
    "mr": "Palladium Cambridgeshire Bouvet Island (Bouvetoya)",
    "it": "compress Licensed Squares",
    "ru": "Estate payment Quality",
    "es": "streamline",
    "fr": "Soft paradigm Graphical User Interface",
    "pt": "Customer Buckinghamshire",
    "de": "turquoise invoice",
    "bn": "Rustic Soft Car virtual",
    "ml": "Pa'anga indexing",
    "uk": "Bhutan JSON HTTP",
    "od": "full-range Small Rustic",
    "enUs": "Ouguiya",
    "enAu": "Baby capacitor solid state",
    "pa": "Valleys Place"
  },
  "amounts": [
    754.1985,
    312.57446
  ],
  "currency": "{{ faker.finance.currency }}",
  "country": "{{ faker.address.country }}",
  "selectedLanguage": "Refined RAM"
}