{
  "id": "911",
  "title": {
    "defaultContent": "Sleek Metal Pants Course",
    "en": "Lakes",
    "hi": "Cambridgeshire Fresh",
    "te": "Research connect",
    "gu": "deposit",
    "ta": "Avon Intelligent Fresh Hat Shoes & Outdoors",
    "ka": "Unbranded",
    "mr": "transmitter wireless",
    "it": "Versatile Sleek Steel Fish embrace",
    "ru": "dot-com Music & Kids bifurcated",
    "es": "Brunei Dollar",
    "fr": "Gorgeous Plastic Chair",
    "pt": "Gorgeous",
    "de": "Tools & Clothing",
    "bn": "United States Minor Outlying Islands CFP Franc",
    "ml": "open-source compress Tasty",
    "uk": "Intelligent Granite Bike Prairie European Monetary Unit (E.M.U.-6)",
    "od": "transitional Concrete system",
    "enUs": "Creative Sudanese Pound",
    "enAu": "District",
    "pa": "AGP Designer bus"
  },
  "description": {
    "defaultContent": "Iowa",
    "en": "Haven value-added",
    "hi": "Hawaii productivity convergence",
    "te": "Seychelles ADP",
    "gu": "azure",
    "ta": "Specialist functionalities El Salvador Colon",
    "ka": "bricks-and-clicks 24/7 back up",
    "mr": "override invoice Well",
    "it": "empower District",
    "ru": "tan Persistent Iceland",
    "es": "white",
    "fr": "Guam cultivate",
    "pt": "Multi-lateral New Mexico Ohio",
    "de": "Corporate",
    "bn": "Plastic Handmade Metal Car",
    "ml": "archive Handmade Fresh Chips Games & Tools",
    "uk": "Multi-tiered orange",
    "od": "Myanmar transmitting JSON",
    "enUs": "Home Loan Account neural Investor",
    "enAu": "olive Avon Clothing, Kids & Tools",
    "pa": "B2C Wall"
  },
  "isActive": false,
  "listOfDays": [
    746,
    429
  ],
  "donationPeriod": 425
}