{
  "id": "937",
  "name": {
    "defaultContent": "e-enable Qatari Rial",
    "en": "Consultant Product pink",
    "hi": "Markets deliverables",
    "te": "Mobility Turnpike",
    "gu": "Practical",
    "ta": "Facilitator Rial Omani Comoros",
    "ka": "Applications THX Junctions",
    "mr": "Games, Home & Health Unbranded",
    "it": "Unbranded Fresh Tuna bus deposit",
    "ru": "Team-oriented national analyzing",
    "es": "alarm",
    "fr": "SMTP violet Producer",
    "pt": "JSON",
    "de": "hierarchy",
    "bn": "orange",
    "ml": "Officer",
    "uk": "Kids Applications white",
    "od": "niches artificial intelligence",
    "enUs": "Bedfordshire real-time",
    "enAu": "sensor",
    "pa": "Plastic back-end"
  },
  "icon": "Home Loan Account Functionality",
  "badgeDescription": {
    "defaultContent": "Configuration",
    "en": "payment",
    "hi": "Berkshire payment",
    "te": "Awesome Concrete Chicken capacitor",
    "gu": "lime encryption",
    "ta": "Estonia",
    "ka": "connect",
    "mr": "Virginia calculating",
    "it": "Outdoors Books, Baby & Toys",
    "ru": "Savings Account",
    "es": "New Jersey",
    "fr": "Paradigm",
    "pt": "deploy Intelligent Granite Pants",
    "de": "Handmade Frozen Chicken Branding",
    "bn": "Gorgeous Soft Salad SMS",
    "ml": "Stand-alone Industrial, Sports & Beauty",
    "uk": "District",
    "od": "partnerships Unions",
    "enUs": "Granite interactive",
    "enAu": "Tasty Fresh Table transition",
    "pa": "Quality"
  },
  "badgeColor": "Innovative",
  "badgeCount": 689
}