{
  "id": "389",
  "contentFilterName": {
    "defaultContent": "revolutionary",
    "en": "Focused",
    "hi": "Rubber",
    "te": "out-of-the-box virtual Avon",
    "gu": "Creative",
    "ta": "override circuit",
    "ka": "Brooks",
    "mr": "ivory RSS HDD",
    "it": "Practical",
    "ru": "Buckinghamshire",
    "es": "Granite",
    "fr": "navigating microchip",
    "pt": "pink",
    "de": "Open-source override human-resource",
    "bn": "Savings Account Applications",
    "ml": "Direct Ergonomic Generic Wooden Sausages",
    "uk": "Multi-channelled protocol",
    "od": "plum monitor",
    "enUs": "vortals",
    "enAu": "mobile",
    "pa": "navigating"
  }
}