{
  "id": "942",
  "author": {
    "defaultContent": "synthesize",
    "en": "Fiji Dollar channels",
    "hi": "Health",
    "te": "Rustic",
    "gu": "Arizona Handmade Auto Loan Account",
    "ta": "expedite incubate",
    "ka": "Rubber Handcrafted Wooden Table SDD",
    "mr": "architect Lead sky blue",
    "it": "Sleek Cotton Pants",
    "ru": "PNG",
    "es": "superstructure",
    "fr": "Incredible transmitter",
    "pt": "Borders",
    "de": "leverage 24/365",
    "bn": "Squares Incredible Granite Pants",
    "ml": "Forward",
    "uk": "Refined",
    "od": "invoice neural Indonesia",
    "enUs": "model Rustic",
    "enAu": "Extensions Face to face orchid",
    "pa": "orange Bermuda Unbranded"
  },
  "quote": {
    "defaultContent": "Cayman Islands",
    "en": "Hills Networked Savings Account",
    "hi": "quantify Handmade Granite Cheese 1080p",
    "te": "copy grey",
    "gu": "Extended",
    "ta": "fuchsia",
    "ka": "orchid channels",
    "mr": "invoice firewall Rustic",
    "it": "Borders",
    "ru": "purple Checking Account",
    "es": "Savings Account mint green",
    "fr": "navigating payment zero administration",
    "pt": "Associate",
    "de": "Accountability Generic Cotton Soap seize",
    "bn": "haptic",
    "ml": "concept",
    "uk": "Handmade Steel Mouse",
    "od": "India Licensed",
    "enUs": "Movies, Computers & Outdoors Fantastic Concrete Pants Awesome Fresh Car",
    "enAu": "Bedfordshire calculating",
    "pa": "extend"
  },
  "tagOne": "Borders Tools, Movies & Kids",
  "tagTwo": "Granite Small Cotton Ball",
  "tagThree": "reboot Berkshire",
  "screen": "Streamlined indigo"
}