{
  "id": "837",
  "title": {
    "defaultContent": "neural Kansas",
    "en": "input withdrawal Open-architected",
    "hi": "multi-tasking",
    "te": "transmitting Missouri",
    "gu": "Technician",
    "ta": "Phased Incredible Cotton Pants",
    "ka": "Automated",
    "mr": "fuchsia Rustic Steel Pants",
    "it": "Crest override hacking",
    "ru": "azure Kentucky",
    "es": "Integration invoice SCSI",
    "fr": "Progressive",
    "pt": "Intelligent invoice out-of-the-box",
    "de": "Persistent Legacy",
    "bn": "generate",
    "ml": "Refined Cotton Pants utilize",
    "uk": "Oregon Refined Credit Card Account",
    "od": "Jewelery Electronics",
    "enUs": "Ergonomic",
    "enAu": "calculating",
    "pa": "platforms"
  },
  "description": {
    "defaultContent": "knowledge base bandwidth",
    "en": "Concrete Cambridgeshire Integrated",
    "hi": "Estate proactive Global",
    "te": "Kuwait Forward",
    "gu": "visionary 24/365 asynchronous",
    "ta": "Representative",
    "ka": "Orchard Unbranded Wooden Pants transmit",
    "mr": "revolutionary Wyoming Sleek Fresh Sausages",
    "it": "Markets navigating Senior",
    "ru": "whiteboard complexity",
    "es": "generate Refined Granite Chicken",
    "fr": "PCI Wooden",
    "pt": "Automated Senior",
    "de": "Metal Berkshire",
    "bn": "brand navigating",
    "ml": "Customer Kids, Automotive & Automotive",
    "uk": "exuding Pakistan Rupee Small",
    "od": "plum SAS 24/7",
    "enUs": "Toys",
    "enAu": "haptic",
    "pa": "Vermont"
  },
  "createdAt": "1970-01-01T00:07:52.000000279Z",
  "fromDate": "1970-01-01T00:10:01.000000589Z",
  "toDate": "1970-01-01T00:15:38.000000549Z",
  "programId": "896"
}