{
  "id": "957",
  "title": {
    "defaultContent": "Handmade Frozen Soap dynamic Avon",
    "en": "utilize Gorgeous Wooden Pizza",
    "hi": "transmitting quantifying",
    "te": "hack Producer",
    "gu": "Organic Fantastic Soft Keyboard",
    "ta": "Group Solutions Home Loan Account",
    "ka": "GB",
    "mr": "back-end",
    "it": "recontextualize integrate Borders",
    "ru": "streamline Investment Account ability",
    "es": "Croatian Kuna",
    "fr": "grow Borders indexing",
    "pt": "payment Pa'anga",
    "de": "Small Wooden Pants overriding budgetary management",
    "bn": "Aruban Guilder Savings Account",
    "ml": "Handmade Fresh Hat",
    "uk": "Maryland transmitting Quality",
    "od": "Optimization Licensed Cotton Keyboard Nevada",
    "enUs": "online azure Optimized",
    "enAu": "Regional mobile",
    "pa": "deposit De-engineered"
  },
  "description": {
    "defaultContent": "niches superstructure Turnpike",
    "en": "stable gold Division",
    "hi": "bus",
    "te": "digital haptic haptic",
    "gu": "Gorgeous Wooden Pants Internal",
    "ta": "withdrawal",
    "ka": "orange Comoro Franc",
    "mr": "Auto Loan Account Infrastructure 1080p",
    "it": "payment Integration",
    "ru": "silver radical e-markets",
    "es": "Product navigate deposit",
    "fr": "granular",
    "pt": "Lebanese Pound XSS Bedfordshire",
    "de": "incubate Sports, Kids & Kids Course",
    "bn": "Refined Soft Fish reboot Connecticut",
    "ml": "Agent",
    "uk": "Keys ivory",
    "od": "Supervisor turquoise compressing",
    "enUs": "transmit",
    "enAu": "digital",
    "pa": "Branding Orchestrator Credit Card Account"
  },
  "createdAt": "1970-01-01T00:01:51.000000901Z",
  "fromDate": "1970-01-01T00:16:05.000000943Z",
  "toDate": "1970-01-01T00:16:24.000000107Z",
  "programTopicName": "payment e-business Handcrafted Soft Bacon"
}