{
  "requestTrackerInfo": [
    {
      "meditationType": "MEDITATE_WITH_PRECEPTOR",
      "startDate": "1970-01-01T00:14:56.000000554Z",
      "endDate": "1970-01-01T00:04:48.000000375Z",
      "playCount": "195",
      "pauseCount": "966",
      "totalSeconds": "686",
      "completedPercentage": 51,
      "userId": "410",
      "meditationId": "398",
      "liveSessionId": "280",
      "userGroupRegister": false,
      "respectiveId": "659",
      "logMeditationType": "INTERNAL_APP",
      "meditationCategory": "CLEANING_MEDITATION"
    },
    {
      "meditationType": "MEDITATE_ANY_RECORDED_CONTENT",
      "startDate": "1970-01-01T00:10:43.000000137Z",
      "endDate": "1970-01-01T00:02:38.000000409Z",
      "playCount": "578",
      "pauseCount": "49",
      "totalSeconds": "355",
      "completedPercentage": 592,
      "userId": "332",
      "meditationId": "571",
      "liveSessionId": "978",
      "userGroupRegister": true,
      "respectiveId": "134",
      "logMeditationType": "OFFLINE",
      "meditationCategory": "ANY_MEDITATION"
    }
  ],
  "trackerInfo": [
    {
      "id": "370",
      "meditationType": "MEDITATE_WITH_PURPOSE",
      "startDate": "1970-01-01T00:03:20.000000134Z",
      "endDate": "1970-01-01T00:13:41.000000615Z",
      "playCount": "424",
      "pauseCount": "437",
      "totalSeconds": "810",
      "completedPercentage": 881,
      "userId": "260",
      "meditationId": "735",
      "liveSessionId": "461",
      "userActivity": "PURPOSE_MEDITATION_ACTIVITY",
      "logMeditationType": "INTERNAL_APP",
      "meditationCategory": "ANY_MEDITATION",
      "liveMeditationRating": "NEUTRAL_RATING",
      "logMeditation": "INTERNAL_APP"
    },
    {
      "id": "432",
      "meditationType": "MEDITATE_WITH_CIRCLE",
      "startDate": "1970-01-01T00:03:25.000000956Z",
      "endDate": "1970-01-01T00:10:30.000000861Z",
      "playCount": "872",
      "pauseCount": "240",
      "totalSeconds": "645",
      "completedPercentage": 997,
      "userId": "896",
      "meditationId": "692",
      "liveSessionId": "113",
      "userActivity": "JOURNAL_ENTRY_ACTIVITY",
      "logMeditationType": "OFFLINE",
      "meditationCategory": "ANY_MEDITATION",
      "liveMeditationRating": "RATING_FOUR",
      "logMeditation": "INTERNAL_APP"
    }
  ],
  "trackerIds": [
    "534",
    "129"
  ],
  "paginationResponse": {
    "selectedPageNumber": 904,
    "selectedPageSize": 789,
    "totalCount": "755"
  }
}