{
  "status": "LOGGEDIN",
  "provider": "GOOGLE",
  "email": "{{ faker.internet.example_email }}",
  "profileURL": "scalable",
  "displayName": "Credit Card Account EXE",
  "gender": "FEMALE",
  "dob": "1970-01-01T00:06:50.000000365Z",
  "device": {
    "UUID": "{{ faker.random.uuid }}",
    "platform": "pink black parse",
    "name": "{{ faker.name.last_name }}",
    "versionBaseOS": "Specialist",
    "manufacturer": "{{ faker.vehicle.manufacturer }}",
    "model": "{{ faker.vehicle.model }}",
    "isPhysicalDevice": true,
    "appVersion": "Home Loan Account Jewelery Tasty",
    "fcmToken": "Zambia overriding",
    "buildCodeVersion": "Product",
    "firebaseId": "{{ faker.random.uuid }}"
  },
  "firebaseId": "{{ faker.random.uuid }}",
  "mobileNumber": "{{ faker.random.ushort }}",
  "heartPoints": 559.6028075157133,
  "stats": {
    "id": "429",
    "meditationAttendedID": "967",
    "typeOfMeditation": "MEDITATE_ANY_RECORDED_CONTENT",
    "pauseCount": 693,
    "playCount": 754,
    "totalDurationInMilliSeconds": 198,
    "completedFullMeditation": false,
    "UUID": "{{ faker.random.uuid }}"
  },
  "city": "{{ faker.address.city }}",
  "addressLine": "integrate",
  "postalCode": "{{ faker.address.zip_code }}",
  "citizenshipCountry": "streamline Outdoors & Beauty",
  "taxId": "{{ faker.random.uuid }}",
  "country": "{{ faker.address.country }}",
  "state": "{{ faker.address.state }}",
  "passportNumber": "{{ faker.random.ushort }}",
  "fcmToken": "RSS hacking",
  "timeZone": "productize",
  "userRole": "UNKNOWN_ROLE",
  "anonymousId": "{{ faker.random.uuid }}"
}