{
  "donateRequest": {
    "userId": "720",
    "donationLineItems": [
      {
        "donationItem": {
          "id": "91",
          "name": "{{ faker.name.last_name }}",
          "description": "3rd generation input Kroon",
          "region": "systems",
          "currency": "{{ faker.finance.currency }}",
          "billingAccountName": "Industrial Metrics Florida",
          "isActive": true
        },
        "currency": "{{ faker.finance.currency }}",
        "amount": 870.889644003852,
        "isRecurring": true,
        "recurringStartDate": "Generic Fresh Salad",
        "recurringFrequency": "EXE Research",
        "extras": {
          "Mandatory Mobility": "Computers digital Investor"
        }
      },
      {
        "donationItem": {
          "id": "704",
          "name": "{{ faker.name.last_name }}",
          "description": "card alarm Progressive",
          "region": "1080p",
          "currency": "{{ faker.finance.currency }}",
          "billingAccountName": "cross-media access mobile",
          "isActive": false
        },
        "currency": "{{ faker.finance.currency }}",
        "amount": 833.1831431680848,
        "isRecurring": true,
        "recurringStartDate": "Fantastic",
        "recurringFrequency": "Curve Producer",
        "extras": {
          "Small Concrete Chicken alarm": "Generic Wooden Ball JSON"
        }
      }
    ],
    "userProfile": {
      "userId": "136",
      "profileId": "{{ faker.random.uuid }}",
      "firstName": "{{ faker.name.first_name }}",
      "lastName": "{{ faker.name.last_name }}",
      "emailAddress": "Savings Account systemic deploy",
      "phoneNumber": "{{ faker.phone.phone_number }}",
      "addressLine1": "utilize Personal Loan Account end-to-end",
      "addressLine2": "Clothing & Shoes Handcrafted Frozen Tuna",
      "city": "{{ faker.address.city }}",
      "state": "{{ faker.address.state }}",
      "postalCode": "{{ faker.address.zip_code }}",
      "country": "{{ faker.address.country }}",
      "memberId": "{{ faker.random.uuid }}",
      "taxId": "{{ faker.random.uuid }}",
      "citizenshipCountry": "Indian Rupee",
      "passportNumber": "{{ faker.random.ushort }}",
      "firebaseId": "{{ faker.random.uuid }}",
      "donationIdentity": {
        "id": "454",
        "identityNumber": "{{ faker.random.ushort }}",
        "identityType": "AADHAAR",
        "createdAt": "1970-01-01T00:08:11.000000258Z",
        "modifiedAt": "1970-01-01T00:04:20.000000949Z",
        "mySrcmDonationProfileId": "9",
        "mySrcmIdentityType": 508,
        "mySrcmIdentityName": "Circles"
      },
      "mysrcmId": "178"
    },
    "clientId": "{{ faker.random.uuid }}",
    "extrasJsonString": "Organic",
    "clientSuccessRedirectUrl": "Senior interactive Concrete",
    "clientFailureRedirectUrl": "Rustic Organic Grass-roots",
    "idToken": "Road Home Loan Account"
  },
  "saveProfile": false,
  "isSelectedAvailTax": true
}