{
  "id": "792",
  "meditationType": "MEDITATE_WITH_GROUPS",
  "startDate": "1970-01-01T00:03:59.000000581Z",
  "endDate": "1970-01-01T00:11:34.000000072Z",
  "playCount": "985",
  "pauseCount": "639",
  "totalSeconds": "600",
  "completedPercentage": 429,
  "userId": "5",
  "meditationId": "678",
  "liveSessionId": "207",
  "userActivity": "GROUPS_ACTIVIVTY",
  "logMeditationType": "INTERNAL_APP",
  "meditationCategory": "GUIDANCE_MEDITATION",
  "liveMeditationRating": "NEUTRAL_RATING",
  "logMeditation": "OFFLINE"
}