{
  "userId": "708",
  "profileId": "{{ faker.random.uuid }}",
  "firstName": "{{ faker.name.first_name }}",
  "lastName": "{{ faker.name.last_name }}",
  "emailAddress": "Turnpike Awesome Wooden Gloves Music & Beauty",
  "phoneNumber": "{{ faker.phone.phone_number }}",
  "addressLine1": "revolutionize Frozen white",
  "addressLine2": "Spurs",
  "city": "{{ faker.address.city }}",
  "state": "{{ faker.address.state }}",
  "postalCode": "{{ faker.address.zip_code }}",
  "country": "{{ faker.address.country }}",
  "memberId": "{{ faker.random.uuid }}",
  "taxId": "{{ faker.random.uuid }}",
  "citizenshipCountry": "Frozen Wallis and Futuna benchmark",
  "passportNumber": "{{ faker.random.ushort }}",
  "firebaseId": "{{ faker.random.uuid }}",
  "donationIdentity": {
    "id": "134",
    "identityNumber": "{{ faker.random.ushort }}",
    "identityType": "UNKNOWN_IDENTITY_TYPE",
    "createdAt": "1970-01-01T00:14:06.000000926Z",
    "modifiedAt": "1970-01-01T00:00:10.000000473Z",
    "mySrcmDonationProfileId": "556",
    "mySrcmIdentityType": 868,
    "mySrcmIdentityName": "Brand drive"
  },
  "mysrcmId": "182"
}