{
  "goalID": "784",
  "userID": "782",
  "goalCategory": "JOURNAL_OBSERVATIONS",
  "selectedDateAndTimeWithCalendarEvent": [
    {
      "selectedDateAndTime": "1970-01-01T00:10:42.000000215Z",
      "calendarEventId": "{{ faker.random.uuid }}",
      "duration": 453,
      "completedStatus": true,
      "startTime": "1970-01-01T00:06:46.000000458Z"
    },
    {
      "selectedDateAndTime": "1970-01-01T00:15:00.000000239Z",
      "calendarEventId": "{{ faker.random.uuid }}",
      "duration": 461,
      "completedStatus": false,
      "startTime": "1970-01-01T00:11:03.000000059Z"
    }
  ],
  "selectedLanguage": "DEFAULT"
}