{
  "bcc": [
    "black",
    "multi-byte index Personal Loan Account"
  ],
  "cc": [
    "Handmade Frozen Cheese recontextualize",
    "online Ergonomic Metal Pants Heard Island and McDonald Islands"
  ],
  "replyTo": "New York",
  "to": [
    "Research Money Market Account Cambridgeshire",
    "Metal incentivize"
  ],
  "subject": "target",
  "text": "{{ faker.lorem.text }}",
  "html": "Response",
  "attachments": [
    {
      "name": "{{ faker.name.last_name }}",
      "data": "R2xvYmFsIEhhbmRjcmFmdGVkIEZyZXNoIFRhYmxl",
      "contentType": "navigating",
      "contentId": "{{ faker.random.uuid }}"
    },
    {
      "name": "{{ faker.name.last_name }}",
      "data": "R2xvYmFsIEhhbmRjcmFmdGVkIEZyZXNoIFRhYmxl",
      "contentType": "turquoise",
      "contentId": "{{ faker.random.uuid }}"
    }
  ]
}