{
  "goalSchedulesNotification": [
    {
      "userId": "642",
      "title": {
        "defaultContent": "Incredible Concrete Salad navigate",
        "en": "Future Administrator",
        "hi": "superstructure",
        "te": "Security",
        "gu": "Avon hacking",
        "ta": "Dynamic",
        "ka": "Designer",
        "mr": "ivory",
        "it": "South Dakota Concrete monetize",
        "ru": "Guadeloupe Kenya",
        "es": "redefine",
        "fr": "Crest",
        "pt": "Plastic",
        "de": "Visionary Concrete Checking Account",
        "bn": "Licensed Plastic Tuna",
        "ml": "Fantastic Steel Mouse Incredible innovative",
        "uk": "France navigating",
        "od": "capacitor",
        "enUs": "initiatives",
        "enAu": "Principal Incredible Rubber Gloves",
        "pa": "Rubber generating bypassing"
      },
      "goalId": "947",
      "goalStatus": "UNKNOWN_STATUS",
      "associatedId": "64",
      "responseGoalInfoV2": {
        "goalTypes": {
          "id": "885",
          "title": "purple bypass Outdoors & Toys",
          "description": "architectures Wooden Frozen",
          "durationAndRequiredTime": [
            {
              "duration": "690",
              "requiredTimes": "562",
              "userCompletedRequiredTimesCount": "682"
            },
            {
              "duration": "648",
              "requiredTimes": "464",
              "userCompletedRequiredTimesCount": "790"
            }
          ],
          "requiredDays": 78,
          "goalCategory": "COMPOSITE_GOAL",
          "associatedBadgeID": "870",
          "badgeCount": 664,
          "duration": 798,
          "hours": 977.6652947367941,
          "requiredSessionIds": [
            "938",
            "62"
          ],
          "requiredTimes": "395"
        },
        "badge": {
          "id": "315",
          "name": "{{ faker.name.last_name }}",
          "icon": "seize Gorgeous Frozen Fish Fantastic",
          "badgeDescription": "high-level lime UAE Dirham",
          "badgeColor": "emulation Borders",
          "badgeCount": 170
        },
        "day": 91,
        "goalScheduledTime": "1970-01-01T00:09:26.000000822Z",
        "daysToComplete": "444",
        "completedGoalPercentage": 106.5230572802215,
        "userCompletedRequiredTimesCount": "220",
        "earnedBadgeCount": 388,
        "listOfGoalScheduledDates": [
          {
            "calendarEventId": "{{ faker.random.uuid }}",
            "duration": 420,
            "completedStatus": true
          },
          {
            "calendarEventId": "{{ faker.random.uuid }}",
            "duration": 650,
            "completedStatus": true
          }
        ],
        "totalRegisteredUserCount": "450",
        "isRegistered": true,
        "badgeWithCount": [
          {
            "id": "382",
            "name": "{{ faker.name.last_name }}",
            "icon": "Handcrafted Metal Ball navigate",
            "badgeDescription": "Rubber",
            "badgeColor": "Mississippi",
            "badgeCount": 646
          },
          {
            "id": "402",
            "name": "{{ faker.name.last_name }}",
            "icon": "incentivize",
            "badgeDescription": "Rustic",
            "badgeColor": "parallelism",
            "badgeCount": 886
          }
        ]
      },
      "isReminder": false
    },
    {
      "userId": "261",
      "title": {
        "defaultContent": "conglomeration",
        "en": "Comoro Franc end-to-end",
        "hi": "deploy open-source Fresh",
        "te": "override functionalities program",
        "gu": "optimal",
        "ta": "Associate Architect Gorgeous Cotton Shoes",
        "ka": "Handcrafted Cotton Car Flats",
        "mr": "enterprise Small",
        "it": "payment Intelligent Frozen Mouse Coves",
        "ru": "Massachusetts Toys & Music",
        "es": "Marketing",
        "fr": "West Virginia ivory",
        "pt": "proactive",
        "de": "solid state Haiti",
        "bn": "Tasty Concrete Ball action-items",
        "ml": "action-items",
        "uk": "Ferry Wooden",
        "od": "Nepal Gold",
        "enUs": "magenta Toys",
        "enAu": "override Granite",
        "pa": "Tools, Health & Shoes"
      },
      "goalId": "404",
      "goalStatus": "COMPLETED",
      "associatedId": "976",
      "responseGoalInfoV2": {
        "goalTypes": {
          "id": "126",
          "title": "Tunnel",
          "description": "bricks-and-clicks Ergonomic",
          "durationAndRequiredTime": [
            {
              "duration": "514",
              "requiredTimes": "296",
              "userCompletedRequiredTimesCount": "268"
            },
            {
              "duration": "96",
              "requiredTimes": "661",
              "userCompletedRequiredTimesCount": "702"
            }
          ],
          "requiredDays": 997,
          "goalCategory": "JOURNAL_OBSERVATIONS",
          "associatedBadgeID": "831",
          "badgeCount": 713,
          "duration": 235,
          "hours": 668.0455392522952,
          "requiredSessionIds": [
            "666",
            "517"
          ],
          "requiredTimes": "557"
        },
        "badge": {
          "id": "937",
          "name": "{{ faker.name.last_name }}",
          "icon": "parse Handcrafted primary",
          "badgeDescription": "mint green",
          "badgeColor": "deposit",
          "badgeCount": 512
        },
        "day": 100,
        "goalScheduledTime": "1970-01-01T00:07:46.000000371Z",
        "daysToComplete": "30",
        "completedGoalPercentage": 555.491988864963,
        "userCompletedRequiredTimesCount": "964",
        "earnedBadgeCount": 35,
        "listOfGoalScheduledDates": [
          {
            "calendarEventId": "{{ faker.random.uuid }}",
            "duration": 287,
            "completedStatus": true
          },
          {
            "calendarEventId": "{{ faker.random.uuid }}",
            "duration": 607,
            "completedStatus": false
          }
        ],
        "totalRegisteredUserCount": "447",
        "isRegistered": false,
        "badgeWithCount": [
          {
            "id": "836",
            "name": "{{ faker.name.last_name }}",
            "icon": "Unbranded Cotton Bike Generic Granite Ball Metal",
            "badgeDescription": "Dynamic Multi-tiered",
            "badgeColor": "Licensed Fresh Car",
            "badgeCount": 702
          },
          {
            "id": "256",
            "name": "{{ faker.name.last_name }}",
            "icon": "Savings Account",
            "badgeDescription": "Kids & Shoes AGP",
            "badgeColor": "array",
            "badgeCount": 236
          }
        ]
      },
      "isReminder": false
    }
  ],
  "goalStatus": "IN_PROGRESS",
  "notificationDetails": {
    "title": "bus Portugal transition",
    "body": "synthesize Saint Helena Pound",
    "template": "Fully-configurable user-facing cross-platform",
    "category": "withdrawal",
    "categorySubType": "holistic",
    "timeToLiveInSeconds": 437,
    "data": {
      "Investment Account payment Handmade": "GB Forge infrastructures"
    },
    "sound": "teal fuchsia Avon"
  }
}