{
  "userId": "495",
  "deviceNotificationRequest": {
    "deviceRegistrationToken": "Awesome Quality-focused panel",
    "notification": {
      "title": "connecting Nepalese Rupee real-time",
      "body": "Grocery, Games & Clothing e-tailers",
      "template": "quantify Georgia navigating",
      "category": "Cambridgeshire digital",
      "categorySubType": "quantifying modular",
      "timeToLiveInSeconds": 10,
      "data": {
        "Decentralized": "Virtual backing up leading edge"
      },
      "sound": "Licensed Granite Computer"
    }
  },
  "userIdsWithCommaSeperated": "Lodge"
}