{
  "goalID": "433",
  "userID": "794",
  "selectedDateAndTimeWithCalendarEvent": [
    {
      "selectedDateAndTime": "1970-01-01T00:15:39.000000872Z",
      "calendarEventId": "{{ faker.random.uuid }}",
      "duration": 952,
      "completedStatus": true,
      "startTime": "1970-01-01T00:14:35.000000182Z"
    },
    {
      "selectedDateAndTime": "1970-01-01T00:01:13.000000031Z",
      "calendarEventId": "{{ faker.random.uuid }}",
      "duration": 877,
      "completedStatus": true,
      "startTime": "1970-01-01T00:09:49.000000702Z"
    }
  ]
}