{
  "trackerMethod": "TOTAL_SECONDS_FOR_DATE",
  "trackerDetails": {
    "id": "640",
    "meditationType": "MEDITATE_WITH_GUIDANCE",
    "startDate": "1970-01-01T00:16:35.000000484Z",
    "endDate": "1970-01-01T00:05:49.000000801Z",
    "playCount": "351",
    "pauseCount": "107",
    "totalSeconds": "163",
    "completedPercentage": 215,
    "userId": "12",
    "meditationId": "892",
    "liveSessionId": "543",
    "userActivity": "GUIDED_MEDITATION_ACTIVITY",
    "logMeditationType": "OFFLINE",
    "meditationCategory": "ANY_MEDITATION",
    "liveMeditationRating": "RATING_FOUR",
    "logMeditation": "OFFLINE"
  },
  "trackerId": "888",
  "userId": "30",
  "meditationCategory": "CLEANING_MEDITATION",
  "isLogMeditation": false
}