{
  "status": "LOGGEDOUT",
  "provider": "GOOGLE",
  "email": "{{ faker.internet.example_email }}",
  "profileURL": "Checking Account Plastic",
  "displayName": "evolve transition Kwanza",
  "gender": "FEMALE",
  "dob": "1970-01-01T00:07:57.000000423Z",
  "device": {
    "UUID": "{{ faker.random.uuid }}",
    "platform": "Mills East Caribbean Dollar",
    "name": "{{ faker.name.last_name }}",
    "versionBaseOS": "brand Colorado Health, Kids & Clothing",
    "manufacturer": "{{ faker.vehicle.manufacturer }}",
    "model": "{{ faker.vehicle.model }}",
    "isPhysicalDevice": false,
    "appVersion": "Investor magenta Paraguay",
    "fcmToken": "Incredible Refined Wooden Keyboard Tasty",
    "buildCodeVersion": "Oregon Ergonomic Frozen Sausages",
    "firebaseId": "{{ faker.random.uuid }}"
  },
  "firebaseId": "{{ faker.random.uuid }}",
  "mobileNumber": "{{ faker.random.ushort }}",
  "heartPoints": 513.7451766269237,
  "stats": {
    "id": "561",
    "meditationAttendedID": "204",
    "typeOfMeditation": "MEDITATE_WITH_GROUPS",
    "pauseCount": 860,
    "playCount": 116,
    "totalDurationInMilliSeconds": 390,
    "completedFullMeditation": true,
    "UUID": "{{ faker.random.uuid }}"
  },
  "city": "{{ faker.address.city }}",
  "addressLine": "Legacy generating payment",
  "postalCode": "{{ faker.address.zip_code }}",
  "citizenshipCountry": "Auto Loan Account Dynamic",
  "taxId": "{{ faker.random.uuid }}",
  "country": "{{ faker.address.country }}",
  "state": "{{ faker.address.state }}",
  "passportNumber": "{{ faker.random.ushort }}",
  "fcmToken": "Rustic Kids, Movies & Books software",
  "timeZone": "Accounts",
  "userRole": "USER",
  "anonymousId": "{{ faker.random.uuid }}"
}