{
  "id": "330",
  "scheduleTime": "1970-01-01T00:13:14.000000383Z",
  "createAt": "1970-01-01T00:16:30.000000729Z",
  "preRecorded": {
    "id": "681",
    "title": "paradigms niches Planner",
    "description": "SQL adapter West Virginia",
    "videoUrl": "Rufiyaa Republic of Korea invoice",
    "meditationSteps": "implement Intelligent Steel Car",
    "thumbnail": "Generic Metal Hat",
    "imgUrl": "Port Qatari Rial",
    "preRecordedType": "GROUP",
    "videoDuration": "318",
    "attribute": "Nakfa"
  },
  "userJoinCount": "157",
  "recurrence": false,
  "recurringEndTime": "1970-01-01T00:00:33.000000153Z",
  "dayFrequency": "WEEKLY",
  "weekDays": [
    783,
    657
  ],
  "userRegisterCount": "8",
  "firebaseTopicName": "Awesome Steel Cheese reboot Path",
  "publish": true,
  "forcefullyUpdate": true,
  "status": {
    "Success": false,
    "message": "architecture"
  },
  "groupOccurrenceId": "689",
  "userRegistered": false,
  "localScheduleTime": "withdrawal"
}