{
  "id": "720",
  "meditationType": "MEDITATE_WITH_OFFLINE",
  "startDate": "1970-01-01T00:12:39.000000001Z",
  "endDate": "1970-01-01T00:09:59.000000504Z",
  "playCount": "738",
  "pauseCount": "588",
  "totalSeconds": "710",
  "completedPercentage": 849,
  "userId": "384",
  "meditationId": "398",
  "liveSessionId": "494",
  "userActivity": "MEDITATE_ON_YOUR_OWN_ACTIVITY",
  "logMeditationType": "OFFLINE",
  "meditationCategory": "PRAYER_MEDITATION",
  "liveMeditationRating": "RATING_FIVE",
  "logMeditation": "EXTERNAL_APP"
}