{
  "requestTrackerInfo": [
    {
      "meditationType": "MEDITATE_WITH_GUIDANCE",
      "startDate": "1970-01-01T00:06:56.000000952Z",
      "endDate": "1970-01-01T00:09:14.000000586Z",
      "playCount": "263",
      "pauseCount": "498",
      "totalSeconds": "14",
      "completedPercentage": 114,
      "userId": "857",
      "meditationId": "729",
      "liveSessionId": "473",
      "userGroupRegister": false,
      "respectiveId": "363",
      "logMeditationType": "INTERNAL_APP",
      "meditationCategory": "GUIDANCE_MEDITATION"
    },
    {
      "meditationType": "MEDITATE_WITH_PRECEPTOR",
      "startDate": "1970-01-01T00:06:46.000000370Z",
      "endDate": "1970-01-01T00:06:32.000000931Z",
      "playCount": "995",
      "pauseCount": "925",
      "totalSeconds": "163",
      "completedPercentage": 666,
      "userId": "464",
      "meditationId": "934",
      "liveSessionId": "791",
      "userGroupRegister": false,
      "respectiveId": "577",
      "logMeditationType": "INTERNAL_APP",
      "meditationCategory": "ANY_MEDITATION"
    }
  ],
  "trackerInfo": [
    {
      "id": "988",
      "meditationType": "MEDITATE_WITH_GROUPS",
      "startDate": "1970-01-01T00:00:21.000000707Z",
      "endDate": "1970-01-01T00:14:06.000000319Z",
      "playCount": "64",
      "pauseCount": "508",
      "totalSeconds": "556",
      "completedPercentage": 955,
      "userId": "59",
      "meditationId": "176",
      "liveSessionId": "40",
      "userActivity": "JOURNAL_ENTRY_ACTIVITY",
      "logMeditationType": "OFFLINE",
      "meditationCategory": "ANY_MEDITATION",
      "liveMeditationRating": "HAPPY_RATING",
      "logMeditation": "OFFLINE"
    },
    {
      "id": "945",
      "meditationType": "MEDITATE_ANY_RECORDED_CONTENT",
      "startDate": "1970-01-01T00:06:10.000000201Z",
      "endDate": "1970-01-01T00:07:10.000000792Z",
      "playCount": "97",
      "pauseCount": "53",
      "totalSeconds": "745",
      "completedPercentage": 511,
      "userId": "257",
      "meditationId": "154",
      "liveSessionId": "725",
      "userActivity": "SOCIAL_MEDIA_ACTIONS_ACTIVITY",
      "logMeditationType": "EXTERNAL_APP",
      "meditationCategory": "GUIDANCE_MEDITATION",
      "liveMeditationRating": "RATING_FOUR",
      "logMeditation": "EXTERNAL_APP"
    }
  ],
  "trackerIds": [
    "683",
    "23"
  ],
  "paginationResponse": {
    "selectedPageNumber": 104,
    "selectedPageSize": 99,
    "totalCount": "289"
  }
}