{
  "UUID": "{{ faker.random.uuid }}",
  "platform": "Seychelles International contextually-based",
  "name": "{{ faker.name.last_name }}",
  "versionBaseOS": "Plastic deposit",
  "manufacturer": "{{ faker.vehicle.manufacturer }}",
  "model": "{{ faker.vehicle.model }}",
  "isPhysicalDevice": true,
  "appVersion": "functionalities",
  "fcmToken": "withdrawal leverage Forward",
  "buildCodeVersion": "Groves",
  "modifiedDate": "1970-01-01T00:05:49.000000999Z",
  "firebaseId": "{{ faker.random.uuid }}"
}