{
  "id": "805",
  "journal": "Wyoming methodical cyan",
  "createdAt": "1970-01-01T00:07:29.000000267Z",
  "modifiedAt": "1970-01-01T00:02:16.000000968Z",
  "archiveStatus": false,
  "favourite": true,
  "userID": "343",
  "journalType": "OFFLINE_JOURNAL",
  "moodDetailsAndTriggers": [
    {
      "moodDetails": {
        "moodId": "790",
        "associatedColor": "Mobility Kiribati application",
        "moodName": "Up-sized",
        "moodType": "MOOD_SAD"
      },
      "triggerDetails": [
        {
          "triggerId": "922",
          "emojiUrl": "Triple-buffered National Savings Account",
          "triggerName": "Wyoming Checking Account"
        },
        {
          "triggerId": "15",
          "emojiUrl": "Handcrafted Team-oriented",
          "triggerName": "Via online PCI"
        }
      ]
    },
    {
      "moodDetails": {
        "moodId": "622",
        "associatedColor": "robust Representative Handcrafted Concrete Shirt",
        "moodName": "Crescent Wyoming concept",
        "moodType": "MOOD_SAD"
      },
      "triggerDetails": [
        {
          "triggerId": "595",
          "emojiUrl": "Agent",
          "triggerName": "Ergonomic Wooden Fish compress Fort"
        },
        {
          "triggerId": "598",
          "emojiUrl": "plug-and-play markets",
          "triggerName": "Panama Practical Handmade Soft Fish"
        }
      ]
    }
  ]
}