{
  "status": "LOGGEDIN",
  "provider": "UNKNOWN_PROVIDER",
  "email": "{{ faker.internet.example_email }}",
  "profileURL": "Senior",
  "displayName": "4th generation programming",
  "gender": "GENDER_DONT_REVEAL",
  "dob": "1970-01-01T00:03:14.000000065Z",
  "device": {
    "UUID": "{{ faker.random.uuid }}",
    "platform": "cutting-edge Germany",
    "name": "{{ faker.name.last_name }}",
    "versionBaseOS": "Concrete",
    "manufacturer": "{{ faker.vehicle.manufacturer }}",
    "model": "{{ faker.vehicle.model }}",
    "isPhysicalDevice": true,
    "appVersion": "Fantastic Bedfordshire",
    "fcmToken": "Tools, Kids & Toys static Borders",
    "buildCodeVersion": "hacking pixel Agent",
    "firebaseId": "{{ faker.random.uuid }}"
  },
  "firebaseId": "{{ faker.random.uuid }}",
  "mobileNumber": "{{ faker.random.ushort }}",
  "heartPoints": 473.9800506559853,
  "stats": {
    "id": "258",
    "meditationAttendedID": "631",
    "typeOfMeditation": "MEDITATE_WITH_PURPOSE",
    "pauseCount": 922,
    "playCount": 830,
    "totalDurationInMilliSeconds": 779,
    "completedFullMeditation": true,
    "UUID": "{{ faker.random.uuid }}"
  },
  "city": "{{ faker.address.city }}",
  "addressLine": "Park ADP models",
  "postalCode": "{{ faker.address.zip_code }}",
  "citizenshipCountry": "ability",
  "taxId": "{{ faker.random.uuid }}",
  "country": "{{ faker.address.country }}",
  "state": "{{ faker.address.state }}",
  "passportNumber": "{{ faker.random.ushort }}",
  "fcmToken": "Tasty payment Fresh",
  "timeZone": "Jewelery, Garden & Jewelery",
  "userRole": "EVENTS_ANNOUNCEMENTS_ADMIN_ROLE",
  "anonymousId": "{{ faker.random.uuid }}"
}