{
  "status": "UNKNOWN_STATUS",
  "provider": "APPLE",
  "email": "{{ faker.internet.example_email }}",
  "profileURL": "1080p transmitting Data",
  "displayName": "Money Market Account",
  "gender": "FEMALE",
  "dob": "1970-01-01T00:11:04.000000679Z",
  "device": {
    "UUID": "{{ faker.random.uuid }}",
    "platform": "deliverables New York",
    "name": "{{ faker.name.last_name }}",
    "versionBaseOS": "deposit Christmas Island",
    "manufacturer": "{{ faker.vehicle.manufacturer }}",
    "model": "{{ faker.vehicle.model }}",
    "isPhysicalDevice": true,
    "appVersion": "optical",
    "fcmToken": "blue static violet",
    "buildCodeVersion": "Automotive, Grocery & Automotive open architecture",
    "firebaseId": "{{ faker.random.uuid }}"
  },
  "firebaseId": "{{ faker.random.uuid }}",
  "mobileNumber": "{{ faker.random.ushort }}",
  "heartPoints": 845.0990841100688,
  "stats": {
    "id": "322",
    "meditationAttendedID": "6",
    "typeOfMeditation": "UNKNOWN_MEDITATION_TYPE",
    "pauseCount": 486,
    "playCount": 947,
    "totalDurationInMilliSeconds": 446,
    "completedFullMeditation": true,
    "UUID": "{{ faker.random.uuid }}"
  },
  "city": "{{ faker.address.city }}",
  "addressLine": "schemas Enterprise-wide AGP",
  "postalCode": "{{ faker.address.zip_code }}",
  "citizenshipCountry": "generate",
  "taxId": "{{ faker.random.uuid }}",
  "country": "{{ faker.address.country }}",
  "state": "{{ faker.address.state }}",
  "passportNumber": "{{ faker.random.ushort }}",
  "fcmToken": "mission-critical Granite copy",
  "timeZone": "Down-sized",
  "userRole": "SCHEDULER",
  "anonymousId": "{{ faker.random.uuid }}"
}